,ID,Year,Fall,Name,Nametype,Mass,Latitude,Longitude
0,1,1880-01-01T00:00:00.000,Fell,Aachen,Valid,21,50.775000,6.083330
1,2,1951-01-01T00:00:00.000,Fell,Aarhus,Valid,720,56.183330,10.233330
2,6,1952-01-01T00:00:00.000,Fell,Abee,Valid,107000,54.216670,-113.000000
3,10,1976-01-01T00:00:00.000,Fell,Acapulco,Valid,1914,16.883330,-99.900000
4,370,1902-01-01T00:00:00.000,Fell,Achiras,Valid,780,-33.166670,-64.950000
5,379,1919-01-01T00:00:00.000,Fell,Adhi Kot,Valid,4239,32.100000,71.800000
6,390,1949-01-01T00:00:00.000,Fell,Adzhi-Bogdo (stone),Valid,910,44.833330,95.166670
7,392,1814-01-01T00:00:00.000,Fell,Agen,Valid,30000,44.216670,0.616670
8,398,1930-01-01T00:00:00.000,Fell,Aguada,Valid,1620,-31.600000,-65.233330
9,417,1920-01-01T00:00:00.000,Fell,Aguila Blanca,Valid,1440,-30.866670,-64.550000
10,423,1974-01-01T00:00:00.000,Fell,Aioun el Atrouss,Valid,1000,16.398060,-9.570280
11,424,1925-01-01T00:00:00.000,Fell,Aïr,Valid,24000,19.083330,8.383330
12,425,1769-01-01T00:00:00.000,Fell,Aire-sur-la-Lys,Valid,,50.666670,2.333330
13,426,1949-01-01T00:00:00.000,Fell,Akaba,Valid,779,29.516670,35.050000
14,427,1838-01-01T00:00:00.000,Fell,Akbarpur,Valid,1800,29.716670,77.950000
15,432,1959-01-01T00:00:00.000,Fell,Akwanga,Valid,3000,8.916670,8.433330
16,433,1981-01-01T00:00:00.000,Fell,Akyumak,Valid,50000,39.916670,42.816670
17,446,1957-01-01T00:00:00.000,Fell,Al Rais,Valid,160,24.416670,39.516670
18,447,2001-01-01T00:00:00.000,Fell,Al Zarnkh,Valid,700,13.660330,28.960000
19,448,1806-01-01T00:00:00.000,Fell,Alais,Valid,6000,44.116670,4.083330
20,453,1766-01-01T00:00:00.000,Fell,Albareto,Valid,2000,44.650000,11.016670
21,454,1949-01-01T00:00:00.000,Fell,Alberta,Valid,625,2.000000,22.666670
22,458,2002-01-01T00:00:00.000,Fell,Alby sur Chéran,Valid,252,45.821330,6.015330
23,461,1835-01-01T00:00:00.000,Fell,Aldsworth,Valid,700,51.783330,-1.783330
24,462,1873-01-01T00:00:00.000,Fell,Aleppo,Valid,3200,36.233330,37.133330
25,463,1860-01-01T00:00:00.000,Fell,Alessandria,Valid,908,44.883330,8.750000
26,465,1900-01-01T00:00:00.000,Fell,Alexandrovsky,Valid,9251,50.950000,31.816670
27,466,1883-01-01T00:00:00.000,Fell,Alfianello,Valid,228000,45.266670,10.150000
28,2276,1899-01-01T00:00:00.000,Fell,Allegan,Valid,32000,42.533330,-85.883330
29,2278,1969-01-01T00:00:00.000,Fell,Allende,Valid,2000000,26.966670,-105.316670
30,48915,2008-01-01T00:00:00.000,Fell,Almahata Sitta,Valid,3950,20.745750,32.412750
31,2284,1977-01-01T00:00:00.000,Fell,Alta'ameem,Valid,6000,35.273330,44.215560
32,2290,1895-01-01T00:00:00.000,Fell,Ambapur Nagla,Valid,6400,27.666670,78.250000
33,2294,1880-01-01T00:00:00.000,Fell,Andhara,Valid,2700,26.583330,85.566670
34,2295,1898-01-01T00:00:00.000,Fell,Andover,Valid,3200,44.616670,-70.750000
35,2296,1969-01-01T00:00:00.000,Fell,Andreevka,Valid,600,48.700000,37.500000
36,2298,1939-01-01T00:00:00.000,Fell,Andura,Valid,17900,20.883330,76.866670
37,50693,,Found,Northwest Africa 5815,Valid,256.8,0.000000,0.000000
38,2301,1822-01-01T00:00:00.000,Fell,Angers,Valid,,47.466670,-0.550000
39,2302,1869-01-01T00:00:00.000,Fell,Angra dos Reis (stone),Valid,1500,-22.966670,-44.316670
40,2304,1942-01-01T00:00:00.000,Fell,Ankober,Valid,6500,9.533330,39.716670
41,2305,1971-01-01T00:00:00.000,Fell,Anlong,Valid,2500,25.150000,105.183330
42,2313,1984-01-01T00:00:00.000,Fell,Aomori,Valid,320,40.810560,140.785560
43,2318,1914-01-01T00:00:00.000,Fell,Appley Bridge,Valid,15000,53.583330,-2.716670
44,2320,1803-01-01T00:00:00.000,Fell,Apt,Valid,3200,43.866670,5.383330
45,2325,1954-01-01T00:00:00.000,Fell,Arbol Solo,Valid,810,-33.000000,-66.000000
46,2329,1932-01-01T00:00:00.000,Fell,Archie,Valid,5070,38.500000,-94.300000
47,2340,1950-01-01T00:00:00.000,Fell,Arroyo Aguiar,Valid,7450,-31.416670,-60.666670
48,2345,1805-01-01T00:00:00.000,Fell,Asco,Valid,41,42.450000,9.033330
49,48954,2009-01-01T00:00:00.000,Fell,Ash Creek,Valid,9500,31.805000,-97.010000
50,2346,1923-01-01T00:00:00.000,Fell,Ashdon,Valid,1300,52.050000,0.300000
51,2353,1886-01-01T00:00:00.000,Fell,Assisi,Valid,2000,43.033330,12.550000
52,4883,1920-01-01T00:00:00.000,Fell,Atarra,Valid,1280,25.254170,80.625000
53,4884,1896-01-01T00:00:00.000,Fell,Atemajac,Valid,94.2,20.066670,-103.666670
54,4885,1933-01-01T00:00:00.000,Fell,Athens,Valid,265,34.750000,-87.000000
55,4888,1945-01-01T00:00:00.000,Fell,Atoka,Valid,1384.2,34.316670,-96.150000
56,4893,1836-01-01T00:00:00.000,Fell,Aubres,Valid,800,44.383330,5.166670
57,4899,1865-01-01T00:00:00.000,Fell,Aumale,Valid,50000,36.166670,3.666670
58,4900,1842-01-01T00:00:00.000,Fell,Aumieres,Valid,2000,44.333330,3.233330
59,4903,1858-01-01T00:00:00.000,Fell,Ausson,Valid,50000,43.083330,0.583330
60,4905,1952-01-01T00:00:00.000,Fell,Avanhandava,Valid,9330,-21.460280,-49.950830
61,4906,1908-01-01T00:00:00.000,Fell,Avce,Valid,1230,46.000000,13.500000
62,4907,1855-01-01T00:00:00.000,Fell,Avilez,Valid,146,25.000000,-103.500000
63,4910,1968-01-01T00:00:00.000,Fell,Awere,Valid,134,2.716670,32.833330
64,4913,1938-01-01T00:00:00.000,Fell,Aztec,Valid,2830,36.800000,-108.000000
65,4917,1814-01-01T00:00:00.000,Fell,Bachmut,Valid,18000,48.600000,38.000000
66,4922,1934-01-01T00:00:00.000,Fell,Bahjoi,Valid,10322,28.483330,78.500000
67,4925,1929-01-01T00:00:00.000,Fell,Bald Mountain,Valid,3700,35.966670,-82.483330
68,4926,1922-01-01T00:00:00.000,Fell,Baldwyn,Valid,345,34.500000,-88.666670
69,4928,1907-01-01T00:00:00.000,Fell,Bali,Valid,1000,5.383330,16.383330
70,4934,1993-01-01T00:00:00.000,Fell,Ban Rong Du,Valid,16700,16.666670,101.183330
71,4935,1871-01-01T00:00:00.000,Fell,Bandong,Valid,11500,-6.916670,107.600000
72,4936,1892-01-01T00:00:00.000,Fell,Bansur,Valid,15000,27.700000,76.333330
73,4937,1913-01-01T00:00:00.000,Fell,Banswal,Valid,14,30.400000,78.200000
74,4938,1933-01-01T00:00:00.000,Fell,Banten,Valid,629,-6.333330,106.000000
75,4942,1790-01-01T00:00:00.000,Fell,Barbotan,Valid,6400,43.950000,-0.050000
76,4944,1704-01-01T00:00:00.000,Fell,Barcelona (stone),Valid,,41.366670,2.166670
77,4946,1842-01-01T00:00:00.000,Fell,Barea,Valid,3200,42.383330,-2.500000
78,4947,1904-01-01T00:00:00.000,Fell,Barnaul,Valid,23.2,52.733330,84.083330
79,4948,1886-01-01T00:00:00.000,Fell,Barntrup,Valid,17,52.000000,9.100000
80,4949,1910-01-01T00:00:00.000,Fell,Baroti,Valid,4500,31.616670,76.800000
81,4954,1965-01-01T00:00:00.000,Fell,Barwell,Valid,44000,52.565280,-1.339720
82,44876,2006-01-01T00:00:00.000,Fell,Bassikounou,Valid,29560,15.783330,-5.900000
83,4957,1994-01-01T00:00:00.000,Fell,Baszkówka,Valid,15500,52.033330,20.935830
84,4974,1892-01-01T00:00:00.000,Fell,Bath,Valid,21000,45.416670,-98.316670
85,4975,1902-01-01T00:00:00.000,Fell,Bath Furnace,Valid,86000,38.250000,-83.750000
86,56133,2012-01-01T00:00:00.000,Fell,Battle Mountain,Valid,2900,40.668130,-117.189130
87,4976,1989-01-01T00:00:00.000,Fell,Bawku,Valid,1557,11.083330,-0.183330
88,4977,1916-01-01T00:00:00.000,Fell,Baxter,Valid,611,36.750000,-93.500000
89,4984,1929-01-01T00:00:00.000,Fell,Beardsley,Valid,16000,39.800000,-101.200000
90,4986,1893-01-01T00:00:00.000,Fell,Beaver Creek,Valid,14000,51.166670,-117.333330
91,4993,1949-01-01T00:00:00.000,Fell,Beddgelert,Valid,794,53.016670,-4.100000
92,5005,1961-01-01T00:00:00.000,Fell,Bells,Valid,375,33.600000,-96.466670
93,5009,1937-01-01T00:00:00.000,Fell,Belville,Valid,,-32.333330,-64.866670
94,5011,1798-01-01T00:00:00.000,Fell,Benares (a),Valid,3700,25.366670,82.916670
95,30443,2004-01-01T00:00:00.000,Fell,Benguerir,Valid,25000,32.250000,-8.150000
96,5018,2001-01-01T00:00:00.000,Fell,Beni M'hira,Valid,19000,32.866670,10.800000
97,5021,1938-01-01T00:00:00.000,Fell,Benld,Valid,1770.5,39.083330,-89.150000
98,5023,1943-01-01T00:00:00.000,Fell,Benoni,Valid,3880,-26.166670,28.416670
99,5024,2002-01-01T00:00:00.000,Fell,Bensour,Valid,45000,30.000000,-7.000000
100,5026,1949-01-01T00:00:00.000,Fell,Benton,Valid,2840,45.950000,-67.550000
101,48975,2008-01-01T00:00:00.000,Fell,Berduc,Valid,270,-31.910000,-58.328330
102,5028,1924-01-01T00:00:00.000,Fell,Béréba,Valid,18000,11.650000,-3.650000
103,5029,1811-01-01T00:00:00.000,Fell,Berlanguillas,Valid,1440,41.683330,-3.800000
104,47355,2004-01-01T00:00:00.000,Fell,Berthoud,Valid,960,40.305830,-105.023250
105,5032,1859-01-01T00:00:00.000,Fell,Bethlehem,Valid,13.9,42.533330,-73.833330
106,5034,1859-01-01T00:00:00.000,Fell,Beuste,Valid,2000,43.216670,-0.233330
107,5035,1921-01-01T00:00:00.000,Fell,Beyrout,Valid,1100,33.883330,35.500000
108,5037,1877-01-01T00:00:00.000,Fell,Bhagur,Valid,18,20.883330,74.833330
109,36591,2002-01-01T00:00:00.000,Fell,Bhawad,Valid,678,26.508330,73.115280
110,5039,1893-01-01T00:00:00.000,Fell,Bherai,Valid,100,20.833330,71.466670
111,5040,1940-01-01T00:00:00.000,Fell,Bhola,Valid,1047,22.683330,90.650000
112,5041,1905-01-01T00:00:00.000,Fell,Bholghati,Valid,2500,22.083330,86.900000
113,5042,1827-01-01T00:00:00.000,Fell,Bialystok,Valid,4000,53.100000,23.200000
114,5043,1887-01-01T00:00:00.000,Fell,Bielokrynitschie,Valid,1900,50.133330,27.166670
115,5045,1999-01-01T00:00:00.000,Fell,Bilanga,Valid,25000,12.450000,-0.083330
116,5051,1984-01-01T00:00:00.000,Fell,Binningup,Valid,488.1,-33.156390,115.676390
117,5056,1923-01-01T00:00:00.000,Fell,Birni N'konni,Valid,560,13.766670,5.300000
118,5059,1843-01-01T00:00:00.000,Fell,Bishopville,Valid,6000,34.166670,-80.283330
119,5060,1895-01-01T00:00:00.000,Fell,Bishunpur,Valid,1039,25.383330,82.600000
120,5063,1796-01-01T00:00:00.000,Fell,Bjelaja Zerkov,Valid,1850,49.783330,30.166670
121,5064,1899-01-01T00:00:00.000,Fell,Bjurböle,Valid,330000,60.400000,25.800000
122,5065,1941-01-01T00:00:00.000,Fell,Black Moshannan Park,Valid,705,40.916670,-78.083330
123,5068,1906-01-01T00:00:00.000,Fell,Blackwell,Valid,2381,36.833330,-97.333330
124,5071,1909-01-01T00:00:00.000,Fell,Blanket,Valid,5100,31.833330,-98.833330
125,5072,1833-01-01T00:00:00.000,Fell,Blansko,Valid,470,49.366670,16.633330
126,5076,1938-01-01T00:00:00.000,Fell,Bloomington,Valid,67.8,40.480000,-89.004170
127,5090,1977-01-01T00:00:00.000,Fell,Bo Xian,Valid,7500,33.833330,115.833330
128,5093,1804-01-01T00:00:00.000,Fell,Bocas,Valid,56,23.000000,-102.000000
129,5097,1962-01-01T00:00:00.000,Fell,Bogou,Valid,8800,12.500000,0.700000
130,5098,1916-01-01T00:00:00.000,Fell,Boguslavka,Valid,256000,44.550000,131.633330
131,5110,1808-01-01T00:00:00.000,Fell,Borgo San Donino,Valid,1676,44.866670,10.050000
132,5111,1894-01-01T00:00:00.000,Fell,Bori,Valid,8600,21.950000,78.033330
133,5112,1930-01-01T00:00:00.000,Fell,Boriskino,Valid,1342,54.233330,52.483330
134,5113,1852-01-01T00:00:00.000,Fell,Borkut,Valid,7000,48.150000,24.283330
135,5114,1812-01-01T00:00:00.000,Fell,Borodino,Valid,500,55.466670,35.866670
136,5117,1823-01-01T00:00:00.000,Fell,Botschetschki,Valid,614,51.333330,33.883330
137,57168,2003-01-01T00:00:00.000,Fell,Boumdeid (2003),Valid,190,17.710670,-11.371500
138,57167,2011-01-01T00:00:00.000,Fell,Boumdeid (2011),Valid,3599,17.174930,-11.341330
139,5121,1969-01-01T00:00:00.000,Fell,Bovedy,Valid,5460,54.566670,-6.333330
140,5128,1886-01-01T00:00:00.000,Fell,Bradford Woods,Valid,762,40.500000,-80.083330
141,5133,1847-01-01T00:00:00.000,Fell,Braunau,Valid,39000,50.600000,16.300000
142,5134,1956-01-01T00:00:00.000,Fell,Breitscheid,Valid,1500,50.666940,8.183610
143,5135,1855-01-01T00:00:00.000,Fell,Bremervörde,Valid,7250,53.400000,9.100000
144,5140,1933-01-01T00:00:00.000,Fell,Brient,Valid,219,52.133330,59.316670
145,5156,1960-01-01T00:00:00.000,Fell,Bruderheim,Valid,303000,53.900000,-112.883330
146,30448,2001-01-01T00:00:00.000,Fell,Bukhara,Valid,5300,39.779780,64.600350
147,5163,1964-01-01T00:00:00.000,Fell,Bulls Run,Valid,2250,,
148,48653,2007-01-01T00:00:00.000,Fell,Bunburra Rockhole,Valid,324,-31.350000,129.190000
149,5165,1942-01-01T00:00:00.000,Fell,Bununu,Valid,357,10.016670,9.583330
150,5169,1919-01-01T00:00:00.000,Fell,Bur-Gheluai,Valid,120000,5.000000,48.000000
151,5175,1990-01-01T00:00:00.000,Fell,Burnwell,Valid,1504,37.621940,-82.237220
152,5177,1946-01-01T00:00:00.000,Fell,Bursa,Valid,25000,40.200000,29.233330
153,5178,1863-01-01T00:00:00.000,Fell,Buschhof,Valid,5000,46.450000,25.783330
154,5181,1852-01-01T00:00:00.000,Fell,Bustee,Valid,1500,26.783330,82.833330
155,5183,1861-01-01T00:00:00.000,Fell,Butsura,Valid,29000,27.083330,84.083330
156,48654,2008-01-01T00:00:00.000,Fell,Buzzard Coulee,Valid,41000,52.996000,-109.848170
157,5185,1870-01-01T00:00:00.000,Fell,Cabezo de Mayo,Valid,25000,37.983330,-1.166670
158,5186,1886-01-01T00:00:00.000,Fell,Cabin Creek,Valid,48500,35.500000,-93.500000
159,5187,1919-01-01T00:00:00.000,Fell,Cacak,Valid,212,43.838890,20.333330
160,45976,2007-01-01T00:00:00.000,Fell,Cali,Valid,478,3.405000,-76.510000
161,5200,1916-01-01T00:00:00.000,Fell,Calivo,Valid,2400,11.750000,122.333330
162,5249,1991-01-01T00:00:00.000,Fell,Campos Sales,Valid,23680,-7.033330,-40.166670
163,5250,1964-01-01T00:00:00.000,Fell,Çanakkale,Valid,4000,39.800000,26.600000
164,5251,1861-01-01T00:00:00.000,Fell,Cañellas,Valid,945,41.250000,1.666670
165,5252,1866-01-01T00:00:00.000,Fell,Cangas de Onis,Valid,34000,43.383330,-5.150000
166,5253,1973-01-01T00:00:00.000,Fell,Canon City,Valid,1400,38.470280,-105.241390
167,5260,1846-01-01T00:00:00.000,Fell,Cape Girardeau,Valid,2300,37.266670,-89.583330
168,5264,1934-01-01T00:00:00.000,Fell,Capilla del Monte,Valid,750,-30.883330,-64.550000
169,45817,2007-01-01T00:00:00.000,Fell,Carancas,Valid,342,-16.664440,-69.043890
170,5265,1902-01-01T00:00:00.000,Fell,Caratash,Valid,8,38.500000,27.000000
171,5291,1874-01-01T00:00:00.000,Fell,Castalia,Valid,7300,36.083330,-78.066670
172,5292,1791-01-01T00:00:00.000,Fell,Castel Berardenga,Valid,,43.350000,11.500000
173,5293,1848-01-01T00:00:00.000,Fell,Castine,Valid,94,44.383330,-68.750000
174,5295,1583-01-01T00:00:00.000,Fell,Castrovillari,Valid,15000,39.800000,16.200000
175,5296,1810-01-01T00:00:00.000,Fell,Caswell County,Valid,1360,36.500000,-79.250000
176,5306,1988-01-01T00:00:00.000,Fell,Ceniceros,Valid,1025,26.466670,-105.233330
177,5307,1956-01-01T00:00:00.000,Fell,Centerville,Valid,45.6,43.200000,-96.916670
178,5308,1840-01-01T00:00:00.000,Fell,Cereseto,Valid,6460,45.083330,8.300000
179,5313,1998-01-01T00:00:00.000,Fell,Chadong,Valid,3700,28.533330,109.316670
180,5314,1814-01-01T00:00:00.000,Fell,Chail,Valid,0.5,25.366670,81.666670
181,5315,1907-01-01T00:00:00.000,Fell,Chainpur,Valid,8200,25.850000,83.483330
182,5316,1933-01-01T00:00:00.000,Fell,Chajari,Valid,18300,-30.783330,-58.050000
183,5320,1838-01-01T00:00:00.000,Fell,Chandakapur,Valid,8800,20.266670,76.016670
184,5321,1885-01-01T00:00:00.000,Fell,Chandpur,Valid,1100,27.283330,79.050000
185,5322,1977-01-01T00:00:00.000,Fell,Changde,Valid,1810,29.083330,111.750000
186,5325,1812-01-01T00:00:00.000,Fell,Chantonnay,Valid,31500,46.683330,1.050000
187,5328,1835-01-01T00:00:00.000,Fell,Charlotte,Valid,4300,36.166670,-87.333330
188,5329,1810-01-01T00:00:00.000,Fell,Charsonville,Valid,27000,47.933330,1.566670
189,5330,1834-01-01T00:00:00.000,Fell,Charwallas,Valid,12000,29.483330,75.500000
190,5331,1815-01-01T00:00:00.000,Fell,Chassigny,Valid,4000,47.716670,5.366670
191,5332,1841-01-01T00:00:00.000,Fell,Château-Renard,Valid,30000,47.933330,2.916670
192,5334,1925-01-01T00:00:00.000,Fell,Chaves,Valid,2945,41.933330,-7.466670
193,5338,1988-01-01T00:00:00.000,Fell,Chela,Valid,2936,-3.666670,32.500000
194,57165,2013-01-01T00:00:00.000,Fell,Chelyabinsk,Valid,100000,54.816670,61.116670
195,47347,2007-01-01T00:00:00.000,Fell,Chergach ,Valid,100000,23.696390,-5.014720
196,5339,1964-01-01T00:00:00.000,Fell,Chernyi Bor,Valid,6000,53.700000,30.100000
197,5340,1933-01-01T00:00:00.000,Fell,Cherokee Springs,Valid,8400,35.033330,-81.883330
198,5341,1901-01-01T00:00:00.000,Fell,Chervettaz,Valid,705,46.550000,6.816670
199,5342,1939-01-01T00:00:00.000,Fell,Chervony Kut,Valid,1700,50.833330,34.000000
200,5344,1880-01-01T00:00:00.000,Fell,Chetrinahatti,Valid,72,14.500000,76.500000
201,5345,1981-01-01T00:00:00.000,Fell,Chiang Khan,Valid,367,17.900000,101.633330
202,5349,1938-01-01T00:00:00.000,Fell,Chicora,Valid,303,40.933330,-79.733330
203,5355,1988-01-01T00:00:00.000,Fell,Chisenga,Valid,3920,-10.059440,33.395000
204,5356,1966-01-01T00:00:00.000,Fell,Chitado,Valid,,-17.350000,13.966670
205,5357,1978-01-01T00:00:00.000,Fell,Chitenay,Valid,4000,47.470830,0.976670
206,5364,1979-01-01T00:00:00.000,Fell,Cilimus,Valid,1600,-6.950000,108.100000
207,5374,1984-01-01T00:00:00.000,Fell,Claxton,Valid,1455,32.102500,-81.872780
208,5383,1822-01-01T00:00:00.000,Fell,Clohars,Valid,48.6,,
209,5395,1917-01-01T00:00:00.000,Fell,Colby (Wisconsin),Valid,104000,44.900000,-90.283330
210,5397,1838-01-01T00:00:00.000,Fell,Cold Bokkeveld,Valid,5200,-33.133330,19.383330
211,5401,1994-01-01T00:00:00.000,Fell,Coleman,Valid,469,43.761110,-84.507780
212,5403,1890-01-01T00:00:00.000,Fell,Collescipoli,Valid,5000,42.533330,12.616670
213,5418,1965-01-01T00:00:00.000,Fell,Conquista,Valid,20350,-19.850000,-47.550000
214,5451,1844-01-01T00:00:00.000,Fell,Cosina,Valid,1200,21.166670,-100.866670
215,5465,1917-01-01T00:00:00.000,Fell,Cranganore,Valid,1460,10.200000,76.266670
216,5470,1936-01-01T00:00:00.000,Fell,Crescent,Valid,78.400000000000006,35.950000,-97.583330
217,5474,1877-01-01T00:00:00.000,Fell,Cronstad,Valid,3650,-27.700000,27.300000
218,5476,1892-01-01T00:00:00.000,Fell,Cross Roads,Valid,167,35.633330,-78.133330
219,5477,1902-01-01T00:00:00.000,Fell,Crumlin,Valid,4255,54.616670,-6.216670
220,5496,1919-01-01T00:00:00.000,Fell,Cumberland Falls,Valid,17000,36.833330,-84.350000
221,5500,1877-01-01T00:00:00.000,Fell,Cynthiana,Valid,6000,38.400000,-84.250000
222,5504,1981-01-01T00:00:00.000,Fell,Dahmani,Valid,18000,35.616670,8.833330
223,5511,1878-01-01T00:00:00.000,Fell,Dandapur,Valid,5650,26.916670,83.966670
224,5513,1868-01-01T00:00:00.000,Fell,Daniel's Kuil,Valid,1064,-28.200000,24.566670
225,5514,1868-01-01T00:00:00.000,Fell,Danville,Valid,2000,34.400000,-87.066670
226,6603,1804-01-01T00:00:00.000,Fell,Darmstadt,Valid,100,49.866670,8.650000
227,6604,1998-01-01T00:00:00.000,Fell,Dashoguz,Valid,7000,41.984440,59.685000
228,51559,2008-01-01T00:00:00.000,Fell,Daule,Valid,6580,-1.870890,-79.957560
229,6621,1887-01-01T00:00:00.000,Fell,De Cewsville,Valid,340,43.000000,-80.000000
230,6634,1829-01-01T00:00:00.000,Fell,Deal,Valid,28,40.250000,-74.000000
231,6642,1897-01-01T00:00:00.000,Fell,Delhi,Valid,0.8,28.566670,77.250000
232,6649,1911-01-01T00:00:00.000,Fell,Demina,Valid,16400,51.466670,84.766670
233,6660,1967-01-01T00:00:00.000,Fell,Denver,Valid,230,39.782500,-104.930560
234,6664,2001-01-01T00:00:00.000,Fell,Dergaon,Valid,12500,26.683330,93.866670
235,6693,1962-01-01T00:00:00.000,Fell,Desuri,Valid,25400,25.733330,73.616670
236,6694,2001-01-01T00:00:00.000,Fell,Devgaon,Valid,12000,19.000000,81.000000
237,6696,1994-01-01T00:00:00.000,Fell,Devri-Khera,Valid,1140,24.225000,76.525000
238,6698,1976-01-01T00:00:00.000,Fell,Dhajala,Valid,45000,22.377780,71.427220
239,6699,1848-01-01T00:00:00.000,Fell,Dharwar,Valid,1800,14.883330,75.600000
240,7640,1860-01-01T00:00:00.000,Fell,Dhurmsala,Valid,32000,32.233330,76.466670
241,47350,2007-01-01T00:00:00.000,Fell,Didim,Valid,3396,37.351720,27.329970
242,7642,1906-01-01T00:00:00.000,Fell,Diep River,Valid,1000,-33.750000,18.566670
243,7649,1957-01-01T00:00:00.000,Fell,Distrito Quebracho,Valid,400,-31.883330,-60.466670
244,7652,1884-01-01T00:00:00.000,Fell,Djati-Pengilon,Valid,166000,-7.500000,111.500000
245,7656,1961-01-01T00:00:00.000,Fell,Djermaia,Valid,3950,12.733330,15.050000
246,7657,1999-01-01T00:00:00.000,Fell,Djoumine,Valid,10000,36.950000,9.550000
247,7658,1903-01-01T00:00:00.000,Fell,Dokachi,Valid,3840,23.500000,90.333330
248,7659,1864-01-01T00:00:00.000,Fell,Dolgovoli,Valid,1600,50.750000,25.300000
249,7661,1907-01-01T00:00:00.000,Fell,Domanitch,Valid,438,40.000000,29.000000
250,7706,1995-01-01T00:00:00.000,Fell,Dong Ujimqin Qi,Valid,128800,45.500000,119.033330
251,7707,1899-01-01T00:00:00.000,Fell,Donga Kohrod,Valid,230,21.866670,82.450000
252,7708,1970-01-01T00:00:00.000,Fell,Dongtai,Valid,5500,32.916670,120.783330
253,7718,1805-01-01T00:00:00.000,Fell,Doroninsk,Valid,3891,51.200000,112.300000
254,7722,1962-01-01T00:00:00.000,Fell,Dosso,Valid,1250,13.050000,3.166670
255,7723,1932-01-01T00:00:00.000,Fell,Douar Mghila,Valid,1161,32.333330,-6.300000
256,7725,1976-01-01T00:00:00.000,Fell,Dowa,Valid,642,-13.666670,33.916670
257,7728,1827-01-01T00:00:00.000,Fell,Drake Creek,Valid,5000,36.400000,-86.500000
258,7731,1939-01-01T00:00:00.000,Fell,Dresden (Ontario),Valid,47700,42.520000,-82.260000
259,7736,1951-01-01T00:00:00.000,Fell,Dubrovnik,Valid,1900,42.458330,18.441670
260,7743,1999-01-01T00:00:00.000,Fell,Dunbogan,Valid,30,-31.666670,152.833330
261,7745,1865-01-01T00:00:00.000,Fell,Dundrum,Valid,2270,52.550000,-8.033330
262,7749,1976-01-01T00:00:00.000,Fell,Dunhua,Valid,,43.333330,128.250000
263,7750,1815-01-01T00:00:00.000,Fell,Durala,Valid,13200,30.300000,76.633330
264,7752,1853-01-01T00:00:00.000,Fell,Duruma,Valid,577,-4.000000,39.500000
265,7754,1943-01-01T00:00:00.000,Fell,Duwun,Valid,2117,33.433330,127.266670
266,7755,1970-01-01T00:00:00.000,Fell,Dwaleni,Valid,3230,-27.200000,31.316670
267,7757,1872-01-01T00:00:00.000,Fell,Dyalpur,Valid,300,26.250000,82.000000
268,7758,1933-01-01T00:00:00.000,Fell,Dyarrl Island,Valid,188,-3.000000,151.000000
269,7760,1947-01-01T00:00:00.000,Fell,Eagle,Valid,10000,40.781670,-96.471670
270,7774,1961-01-01T00:00:00.000,Fell,Ehole,Valid,2400,-17.300000,15.833330
271,7775,1785-01-01T00:00:00.000,Fell,Eichstädt,Valid,3000,48.900000,11.216670
272,7776,1939-01-01T00:00:00.000,Fell,Ekeby,Valid,3336,56.033330,13.000000
273,7777,1916-01-01T00:00:00.000,Fell,Ekh Khera,Valid,840,28.266670,78.783330
274,7807,1989-01-01T00:00:00.000,Fell,El Idrissia,Valid,10000,34.416670,3.250000
275,45977,1977-01-01T00:00:00.000,Fell,El Paso de Aguila,Valid,17226,25.370000,-97.370000
276,7819,1993-01-01T00:00:00.000,Fell,El Tigre,Valid,5000,19.967220,-103.051670
277,7822,1998-01-01T00:00:00.000,Fell,Elbert,Valid,680.5,39.246670,-104.588170
278,7823,1400-01-01T00:00:00.000,Fell,Elbogen,Valid,107000,50.183330,12.733330
279,7824,1951-01-01T00:00:00.000,Fell,Elenovka,Valid,54640,47.833330,37.666670
280,10019,1925-01-01T00:00:00.000,Fell,Ellemeet,Valid,1470,51.750000,4.000000
281,10033,1900-01-01T00:00:00.000,Fell,Emmaville,Valid,127,-29.466670,151.616670
282,10038,1974-01-01T00:00:00.000,Fell,Enshi,Valid,8000,30.300000,109.500000
283,10039,1492-01-01T00:00:00.000,Fell,Ensisheim,Valid,127000,47.866670,7.350000
284,10041,1822-01-01T00:00:00.000,Fell,Épinal,Valid,277,48.183330,6.466670
285,10042,1940-01-01T00:00:00.000,Fell,Erakot,Valid,113,19.033330,81.891670
286,10043,1911-01-01T00:00:00.000,Fell,Erevan,Valid,107.2,40.300000,44.500000
287,10044,1889-01-01T00:00:00.000,Fell,Ergheo,Valid,20000,1.166670,44.166670
288,10049,1812-01-01T00:00:00.000,Fell,Erxleben,Valid,2250,52.216670,11.250000
289,10051,1837-01-01T00:00:00.000,Fell,Esnandes,Valid,1500,46.250000,-1.100000
290,10055,1957-01-01T00:00:00.000,Fell,Essebi,Valid,500,2.883330,30.833330
291,10059,1879-01-01T00:00:00.000,Fell,Estherville,Valid,320000,43.416670,-94.833330
292,10074,1890-01-01T00:00:00.000,Fell,Farmington,Valid,89400,39.750000,-97.033330
293,10075,1934-01-01T00:00:00.000,Fell,Farmville,Valid,56000,35.550000,-77.533330
294,10078,1844-01-01T00:00:00.000,Fell,Favars,Valid,1500,44.383330,2.816670
295,10079,1934-01-01T00:00:00.000,Fell,Fayetteville,Valid,2360,36.050000,-94.166670
296,10080,1875-01-01T00:00:00.000,Fell,Feid Chair,Valid,380,36.883330,8.450000
297,10081,1900-01-01T00:00:00.000,Fell,Felix,Valid,3200,32.533330,-87.166670
298,10086,1924-01-01T00:00:00.000,Fell,Fenghsien-Ku,Valid,82,34.600000,116.750000
299,10088,1889-01-01T00:00:00.000,Fell,Ferguson,Valid,220,36.100000,-81.416670
300,10091,1996-01-01T00:00:00.000,Fell,Fermo,Valid,10200,43.181110,13.753330
301,10107,1894-01-01T00:00:00.000,Fell,Fisher,Valid,17600,47.816670,-96.850000
302,10111,1922-01-01T00:00:00.000,Fell,Florence,Valid,3640,30.833330,-97.766670
303,10119,1890-01-01T00:00:00.000,Fell,Forest City,Valid,152000,43.250000,-93.666670
304,10120,1942-01-01T00:00:00.000,Fell,Forest Vale,Valid,26000,-33.350000,146.858330
305,10123,1924-01-01T00:00:00.000,Fell,Forksville,Valid,6067,36.783330,-78.083330
306,10163,1900-01-01T00:00:00.000,Fell,Forsbach,Valid,240,50.950000,7.316670
307,10164,1829-01-01T00:00:00.000,Fell,Forsyth,Valid,16300,33.016670,-83.966670
308,10166,1944-01-01T00:00:00.000,Fell,Fort Flatters,Valid,,28.250000,7.000000
309,10177,1868-01-01T00:00:00.000,Fell,Frankfort (stone),Valid,650,34.483330,-87.833330
310,52412,1945-01-01T00:00:00.000,Fell,Fuhe,Valid,23000,31.475560,113.566940
311,10836,1882-01-01T00:00:00.000,Fell,Fukutomi,Valid,11620,33.183330,130.200000
312,10838,1654-01-01T00:00:00.000,Fell,Fünen,Valid,,55.333330,10.333330
313,10839,1822-01-01T00:00:00.000,Fell,Futtehpur,Valid,4000,25.950000,80.816670
314,10840,1977-01-01T00:00:00.000,Fell,Fuyang,Valid,2500,32.900000,115.900000
315,10846,1826-01-01T00:00:00.000,Fell,Galapian,Valid,132.69999999999999,44.300000,0.400000
316,10848,1952-01-01T00:00:00.000,Fell,Galim (a),Valid,36.1,7.050000,12.433330
317,10849,1952-01-01T00:00:00.000,Fell,Galim (b),Valid,28,7.050000,12.433330
318,10850,1995-01-01T00:00:00.000,Fell,Galkiv,Valid,5000,51.683330,30.783330
319,10851,1897-01-01T00:00:00.000,Fell,Gambat,Valid,6400,27.350000,68.533330
320,10854,1960-01-01T00:00:00.000,Fell,Gao-Guenie,Valid,,11.650000,-2.183330
321,10860,1917-01-01T00:00:00.000,Fell,Garhi Yasin,Valid,380,27.883330,68.533330
322,10861,1950-01-01T00:00:00.000,Fell,Garland,Valid,102,41.683330,-112.133330
323,44882,1984-01-01T00:00:00.000,Fell,Gashua,Valid,4162,12.850000,11.033330
324,10866,2000-01-01T00:00:00.000,Fell,Gasseltepaoua,Valid,,14.150830,-2.041670
325,10870,1950-01-01T00:00:00.000,Fell,Geidam,Valid,725,12.916670,11.916670
326,10914,1909-01-01T00:00:00.000,Fell,Gifu,Valid,14290,35.533330,136.883330
327,10917,1853-01-01T00:00:00.000,Fell,Girgenti,Valid,18000,37.316670,13.566670
328,10919,1947-01-01T00:00:00.000,Fell,Git-Git,Valid,480,9.600000,9.916670
329,10923,1990-01-01T00:00:00.000,Fell,Glanerbrug,Valid,670,52.200000,6.866670
330,10924,1939-01-01T00:00:00.000,Fell,Glanggang,Valid,1303,-7.250000,107.700000
331,10926,1918-01-01T00:00:00.000,Fell,Glasatovo,Valid,152000,57.350000,37.616670
332,10930,1991-01-01T00:00:00.000,Fell,Glatton,Valid,767,52.459720,-0.300000
333,10936,1879-01-01T00:00:00.000,Fell,Gnadenfrei,Valid,1750,50.666670,16.766670
334,10948,1865-01-01T00:00:00.000,Fell,Gopalpur,Valid,1600,24.233330,89.050000
335,10949,1974-01-01T00:00:00.000,Fell,Gorlovka,Valid,3618,48.283330,38.083330
336,10956,1964-01-01T00:00:00.000,Fell,Granes,Valid,9000,42.900000,2.250000
337,11196,1976-01-01T00:00:00.000,Fell,Grefsheim,Valid,45.5,60.666670,11.000000
338,50911,2009-01-01T00:00:00.000,Fell,Grimsby,Valid,215,43.200000,-79.616670
339,11206,1861-01-01T00:00:00.000,Fell,Grosnaja,Valid,3500,43.666670,45.383330
340,11207,1837-01-01T00:00:00.000,Fell,Gross-Divina,Valid,10500,49.266670,18.716670
341,11208,1881-01-01T00:00:00.000,Fell,Grossliebenthal,Valid,8000,46.350000,30.583330
342,11426,1841-01-01T00:00:00.000,Fell,Grüneberg,Valid,1000,51.933330,15.500000
343,11429,1910-01-01T00:00:00.000,Fell,Grzempach,Valid,690,52.866670,16.633330
344,11432,1932-01-01T00:00:00.000,Fell,Gualeguaychú,Valid,22000,-33.000000,-58.616670
345,11435,1996-01-01T00:00:00.000,Fell,Guangmingshan,Valid,2910,39.804170,122.763890
346,11436,1983-01-01T00:00:00.000,Fell,Guangnan,Valid,,24.100000,105.000000
347,11437,1980-01-01T00:00:00.000,Fell,Guangrao,Valid,1900,37.100000,118.400000
348,11439,1892-01-01T00:00:00.000,Fell,Guareña,Valid,39000,38.733330,-6.016670
349,11440,1891-01-01T00:00:00.000,Fell,Guêa,Valid,1915,43.766670,20.233330
350,11442,1972-01-01T00:00:00.000,Fell,Guibga,Valid,288,13.500000,-0.683330
351,11443,1949-01-01T00:00:00.000,Fell,Guidder,Valid,968,9.916670,13.983330
352,11448,1982-01-01T00:00:00.000,Fell,Gujargaon,Valid,2449,22.983330,76.050000
353,11449,1984-01-01T00:00:00.000,Fell,Gujba,Valid,100000,11.491670,11.658330
354,11450,1904-01-01T00:00:00.000,Fell,Gumoschnik,Valid,5700,42.900000,24.700000
355,11464,1814-01-01T00:00:00.000,Fell,Gurram Konda,Valid,28,13.783330,78.566670
356,11465,1981-01-01T00:00:00.000,Fell,Gursum,Valid,34650,9.366670,42.416670
357,11466,1851-01-01T00:00:00.000,Fell,Gütersloh,Valid,1000,51.916670,8.383330
358,11467,1930-01-01T00:00:00.000,Fell,Gyokukei,Valid,1320,35.000000,127.500000
359,11468,1817-01-01T00:00:00.000,Fell,Hachi-oji,Valid,0.2,35.650000,139.333330
360,11472,1934-01-01T00:00:00.000,Fell,Hainaut,Valid,9000,50.316670,3.733330
361,11479,1944-01-01T00:00:00.000,Fell,Hallingeberg,Valid,1456,57.816670,16.233330
362,11485,1959-01-01T00:00:00.000,Fell,Hamlet,Valid,3710,41.383330,-86.600000
363,11824,1878-01-01T00:00:00.000,Fell,Haraiya,Valid,1000,26.800000,82.533330
364,11829,1921-01-01T00:00:00.000,Fell,Haripura,Valid,315,28.383330,75.783330
365,11830,1961-01-01T00:00:00.000,Fell,Harleton,Valid,8360,32.675000,-94.511670
366,11842,1859-01-01T00:00:00.000,Fell,Harrison County,Valid,680,38.250000,-86.166670
367,11848,1910-01-01T00:00:00.000,Fell,Hashima,Valid,1110.5999999999999,35.294500,136.700330
368,11852,1890-01-01T00:00:00.000,Fell,Hassi-Jekna,Valid,1250,28.950000,0.816670
369,11855,1628-01-01T00:00:00.000,Fell,Hatford,Valid,29000,51.650000,-1.516670
370,11859,1971-01-01T00:00:00.000,Fell,Haverö,Valid,1544,60.245560,22.061940
371,11869,1922-01-01T00:00:00.000,Fell,Hedeskoga,Valid,3500,55.466670,13.783330
372,11870,1910-01-01T00:00:00.000,Fell,Hedjaz,Valid,6100,27.333330,35.666670
373,11875,1857-01-01T00:00:00.000,Fell,Heredia,Valid,1000,10.000000,-84.100000
374,11878,1869-01-01T00:00:00.000,Fell,Hessle,Valid,20000,59.850000,17.666670
375,11883,1897-01-01T00:00:00.000,Fell,Higashi-koen,Valid,750,33.600000,130.433330
376,11884,1804-01-01T00:00:00.000,Fell,High Possil,Valid,4500,55.900000,-4.233330
377,11889,2003-01-01T00:00:00.000,Fell,Hiroshima,Valid,414,34.450000,132.383330
378,44714,2003-01-01T00:00:00.000,Fell,Hoima,Valid,167.7,1.345000,31.472780
379,11893,1954-01-01T00:00:00.000,Fell,Hökmark,Valid,305.5,64.433330,21.200000
380,11894,1912-01-01T00:00:00.000,Fell,Holbrook,Valid,220000,34.900000,-110.183330
381,11895,1923-01-01T00:00:00.000,Fell,Holetta,Valid,1415,9.066670,38.416670
382,11901,1875-01-01T00:00:00.000,Fell,Homestead,Valid,230000,41.800000,-91.866670
383,11904,1825-01-01T00:00:00.000,Fell,Honolulu,Valid,2420,21.300000,-157.866670
384,11913,1956-01-01T00:00:00.000,Fell,Hotse,Valid,180,35.666670,115.500000
385,11915,1963-01-01T00:00:00.000,Fell,Hoxie,Valid,266.10000000000002,39.350000,-100.450000
386,11916,1751-01-01T00:00:00.000,Fell,Hraschina,Valid,49000,46.100000,16.333330
387,54719,2010-01-01T00:00:00.000,Fell,Huaxi,Valid,1600,26.464690,106.632410
388,11986,1877-01-01T00:00:00.000,Fell,Hungen,Valid,112,50.300000,8.916670
389,11989,1901-01-01T00:00:00.000,Fell,Hvittis,Valid,14000,61.183330,22.683330
390,11992,1870-01-01T00:00:00.000,Fell,Ibbenbüren,Valid,2000,52.283330,7.700000
391,11993,1957-01-01T00:00:00.000,Fell,Ibitira,Valid,2500,-20.000000,-45.000000
392,11994,1949-01-01T00:00:00.000,Fell,Ibrisim,Valid,,38.000000,35.000000
393,11995,1936-01-01T00:00:00.000,Fell,Ichkala,Valid,3973,58.200000,82.933330
394,12000,1956-01-01T00:00:00.000,Fell,Idutywa,Valid,3457,-32.100000,28.333330
395,12003,1977-01-01T00:00:00.000,Fell,Iguaracu,Valid,1200,-23.200000,-51.833330
396,12004,1975-01-01T00:00:00.000,Fell,Ijopega,Valid,7330,-6.033330,145.366670
397,12027,1891-01-01T00:00:00.000,Fell,Indarch,Valid,27000,39.750000,46.666670
398,12028,1917-01-01T00:00:00.000,Fell,Independence,Valid,880,39.083330,-94.400000
399,12037,1963-01-01T00:00:00.000,Fell,Inner Mongolia,Valid,3000,41.000000,112.000000
400,12039,1977-01-01T00:00:00.000,Fell,Innisfree,Valid,4576,53.415000,-111.337500
401,12043,1972-01-01T00:00:00.000,Fell,Ipiranga,Valid,7000,-25.500000,-54.500000
402,12049,1954-01-01T00:00:00.000,Fell,Ishinga,Valid,1300,-8.933330,33.800000
403,12053,1928-01-01T00:00:00.000,Fell,Isthilart,Valid,3050,-31.183330,-57.950000
404,12056,1879-01-01T00:00:00.000,Fell,Itapicuru-Mirim,Valid,2024,-3.400000,-44.333330
405,12058,1990-01-01T00:00:00.000,Fell,Itqiy,Valid,4720,26.590830,-12.952170
406,12063,1938-01-01T00:00:00.000,Fell,Ivuna,Valid,704.5,-8.416670,32.433330
407,12065,1903-01-01T00:00:00.000,Fell,Jackalsfontein,Valid,48000,-32.500000,21.900000
408,12067,1926-01-01T00:00:00.000,Fell,Jajh deh Kot Lalu,Valid,973,26.750000,68.416670
409,12068,1990-01-01T00:00:00.000,Fell,Jalanash,Valid,700,,
410,12069,1621-01-01T00:00:00.000,Fell,Jalandhar,Valid,1967,31.000000,75.000000
411,12072,1866-01-01T00:00:00.000,Fell,Jamkheir,Valid,22,18.750000,75.333330
412,12074,1979-01-01T00:00:00.000,Fell,Jartai,Valid,20500,39.700000,105.800000
413,12078,1889-01-01T00:00:00.000,Fell,Jelica,Valid,34000,43.833330,20.441670
414,12079,1901-01-01T00:00:00.000,Fell,Jemlapur,Valid,450,,
415,51589,2009-01-01T00:00:00.000,Fell,Jesenice,Valid,3667,46.421370,14.052170
416,12085,1873-01-01T00:00:00.000,Fell,Jhung,Valid,5900,31.300000,72.383330
417,12086,1964-01-01T00:00:00.000,Fell,Jiange,Valid,222,31.916670,104.916670
418,12087,1890-01-01T00:00:00.000,Fell,Jianshi,Valid,600000,30.808330,109.500000
419,12171,1976-01-01T00:00:00.000,Fell,Jilin,Valid,4000000,44.050000,126.166670
420,47362,2006-01-01T00:00:00.000,Fell,Jodiya,Valid,100,22.680000,70.313330
421,12173,1877-01-01T00:00:00.000,Fell,Jodzie,Valid,30,55.700000,24.400000
422,12198,1924-01-01T00:00:00.000,Fell,Johnstown,Valid,40300,40.350000,-104.900000
423,12199,1974-01-01T00:00:00.000,Fell,Jolomba,Valid,483,-11.850000,15.833330
424,12202,1819-01-01T00:00:00.000,Fell,Jonzac,Valid,5000,45.433330,-0.450000
425,12203,1997-01-01T00:00:00.000,Fell,Juancheng,Valid,100000,35.500000,115.416670
426,12207,1876-01-01T00:00:00.000,Fell,Judesegeri,Valid,680,12.850000,76.800000
427,12209,1984-01-01T00:00:00.000,Fell,Jumapalo,Valid,32490,-7.716670,111.200000
428,12210,1976-01-01T00:00:00.000,Fell,Junan,Valid,950,35.200000,118.800000
429,12213,1968-01-01T00:00:00.000,Fell,Juromenha,Valid,25250,38.740280,-7.270000
430,12214,1821-01-01T00:00:00.000,Fell,Juvinas,Valid,91000,44.716670,4.300000
431,12218,1857-01-01T00:00:00.000,Fell,Kaba,Valid,3000,47.350000,21.300000
432,12220,1971-01-01T00:00:00.000,Fell,Kabo,Valid,13400,11.850000,8.216670
433,12221,1822-01-01T00:00:00.000,Fell,Kadonah,Valid,89,27.083330,78.333330
434,12222,1838-01-01T00:00:00.000,Fell,Kaee,Valid,230,27.250000,79.966670
435,12227,1908-01-01T00:00:00.000,Fell,Kagarlyk,Valid,1900,49.866670,30.833330
436,12228,1980-01-01T00:00:00.000,Fell,Kaidun,Valid,2000,15.000000,48.300000
437,12229,1937-01-01T00:00:00.000,Fell,Kainsaz,Valid,200000,55.433330,53.250000
438,12230,1890-01-01T00:00:00.000,Fell,Kakangari,Valid,350,12.383330,78.516670
439,12231,1858-01-01T00:00:00.000,Fell,Kakowa,Valid,577,45.133330,21.666670
440,12232,1951-01-01T00:00:00.000,Fell,Kalaba,Valid,950,-6.833330,29.500000
441,12236,1879-01-01T00:00:00.000,Fell,Kalumbi,Valid,4500,17.833330,73.983330
442,12238,1942-01-01T00:00:00.000,Fell,Kamalpur,Valid,2770,26.033330,81.466670
443,12240,1913-01-01T00:00:00.000,Fell,Kamiomi,Valid,448,36.041670,139.956670
444,12241,1902-01-01T00:00:00.000,Fell,Kamsagar,Valid,1293,14.183330,75.800000
445,12243,1959-01-01T00:00:00.000,Fell,Kandahar (Afghanistan),Valid,299,31.600000,65.783330
446,12245,1908-01-01T00:00:00.000,Fell,Kangean,Valid,1630,-7.000000,115.500000
447,12246,1897-01-01T00:00:00.000,Fell,Kangra Valley,Valid,400,32.083330,76.300000
448,12251,1942-01-01T00:00:00.000,Fell,Kapoeta,Valid,11355,4.700000,33.633330
449,47357,2004-01-01T00:00:00.000,Fell,Kaprada,Valid,1600,20.339160,73.223290
450,12253,1937-01-01T00:00:00.000,Fell,Kaptal-Aryk,Valid,3500,42.450000,73.366670
451,12256,1840-01-01T00:00:00.000,Fell,Karakol,Valid,3000,47.216670,81.016670
452,12258,1963-01-01T00:00:00.000,Fell,Karatu,Valid,2220,-3.500000,35.583330
453,12260,1949-01-01T00:00:00.000,Fell,Karewar,Valid,180,12.900000,7.150000
454,12262,1905-01-01T00:00:00.000,Fell,Karkh,Valid,22000,27.800000,67.166670
455,12263,1955-01-01T00:00:00.000,Fell,Karloowala,Valid,2950,31.583330,71.600000
456,12264,1930-01-01T00:00:00.000,Fell,Karoonda,Valid,41730,-35.083330,139.916670
457,12266,1938-01-01T00:00:00.000,Fell,Kasamatsu,Valid,710,35.366670,136.766670
458,30740,2003-01-01T00:00:00.000,Fell,Kasauli,Valid,16820,29.583330,77.583330
459,35465,1999-01-01T00:00:00.000,Fell,Katagum,Valid,1500,11.333330,10.083330
460,47351,2006-01-01T00:00:00.000,Fell,Kavarpura,Valid,6800,25.143330,75.813330
461,12268,1961-01-01T00:00:00.000,Fell,Kayakent,Valid,85000,39.263330,31.780000
462,12270,1940-01-01T00:00:00.000,Fell,Kediri,Valid,3300,-7.750000,112.016670
463,53654,2008-01-01T00:00:00.000,Fell,Kemer,Valid,5760,36.541940,29.418220
464,12275,1939-01-01T00:00:00.000,Fell,Kendleton,Valid,6937,29.450000,-96.000000
465,12276,2003-01-01T00:00:00.000,Fell,Kendrapara,Valid,6669.2,20.462500,86.702780
466,12282,1874-01-01T00:00:00.000,Fell,Kerilis,Valid,5000,48.400000,-3.300000
467,12284,1869-01-01T00:00:00.000,Fell,Kernouve,Valid,80000,48.116670,-3.083330
468,12286,1850-01-01T00:00:00.000,Fell,Kesen,Valid,135000,38.983330,141.616670
469,12288,1873-01-01T00:00:00.000,Fell,Khairpur,Valid,13600,29.533330,72.300000
470,12289,1932-01-01T00:00:00.000,Fell,Khanpur,Valid,3698,25.550000,83.116670
471,12291,1787-01-01T00:00:00.000,Fell,Kharkov,Valid,1500,50.625000,35.075000
472,12294,1860-01-01T00:00:00.000,Fell,Kheragur,Valid,450,26.950000,77.883330
473,12296,1867-01-01T00:00:00.000,Fell,Khetri,Valid,100,28.016670,75.816670
474,12297,1929-01-01T00:00:00.000,Fell,Khmelevka,Valid,6109,56.750000,75.333330
475,12298,1910-01-01T00:00:00.000,Fell,Khohar,Valid,9700,25.100000,81.533330
476,12299,1932-01-01T00:00:00.000,Fell,Khor Temiki,Valid,3200,16.000000,36.000000
477,12300,1983-01-01T00:00:00.000,Fell,Kidairat,Valid,100000,14.000000,28.000000
478,12301,1962-01-01T00:00:00.000,Fell,Kiel,Valid,737.6,54.400000,10.150000
479,12303,1970-01-01T00:00:00.000,Fell,Kiffa,Valid,1500,16.583330,-11.333330
480,12305,1906-01-01T00:00:00.000,Fell,Kijima (1906),Valid,331,36.850000,138.383330
481,12306,1809-01-01T00:00:00.000,Fell,Kikino,Valid,195,55.000000,34.000000
482,12307,2002-01-01T00:00:00.000,Fell,Kilabo,Valid,19000,12.766670,9.800000
483,12308,1911-01-01T00:00:00.000,Fell,Kilbourn,Valid,772,43.583330,-89.600000
484,12309,1844-01-01T00:00:00.000,Fell,Killeter,Valid,140,54.666670,-7.666670
485,12316,1967-01-01T00:00:00.000,Fell,Kingai,Valid,67.400000000000006,11.633330,24.683330
486,12321,1906-01-01T00:00:00.000,Fell,Kirbyville,Valid,97.7,30.750000,-95.950000
487,12325,1914-01-01T00:00:00.000,Fell,Kisvarsány,Valid,1550,48.166670,22.308330
488,12326,1998-01-01T00:00:00.000,Fell,Kitchener,Valid,202.6,43.383330,-80.383330
489,12332,1843-01-01T00:00:00.000,Fell,Klein-Wenden,Valid,3250,51.600000,10.800000
490,12335,1866-01-01T00:00:00.000,Fell,Knyahinya,Valid,500000,48.900000,22.400000
491,12336,1999-01-01T00:00:00.000,Fell,Kobe,Valid,136,34.733330,135.166670
492,12342,1986-01-01T00:00:00.000,Fell,Kokubunji,Valid,11510,34.300000,133.950000
493,12343,1926-01-01T00:00:00.000,Fell,Komagome,Valid,238,35.733330,139.750000
494,12344,1931-01-01T00:00:00.000,Fell,Konovo,Valid,90,42.516670,26.166670
495,53810,2010-01-01T00:00:00.000,Fell,Košice,Valid,4300,48.763670,21.176330
496,12353,1869-01-01T00:00:00.000,Fell,Krähenberg,Valid,16500,49.326940,7.464720
497,12355,1829-01-01T00:00:00.000,Fell,Krasnoi-Ugol,Valid,2440,54.033330,40.900000
498,12357,1946-01-01T00:00:00.000,Fell,Krasnyi Klyuch,Valid,4000,54.333330,56.083330
499,12363,1906-01-01T00:00:00.000,Fell,Krutikha,Valid,845.2,56.800000,77.000000
500,12364,1946-01-01T00:00:00.000,Fell,Krymka,Valid,50000,47.833330,30.766670
501,12368,1938-01-01T00:00:00.000,Fell,Kukschin,Valid,2250,51.150000,31.700000
502,12369,1961-01-01T00:00:00.000,Fell,Kulak,Valid,453.6,30.731110,66.802220
503,12370,1811-01-01T00:00:00.000,Fell,Kuleschovka,Valid,6000,50.750000,33.500000
504,12373,1906-01-01T00:00:00.000,Fell,Kulp,Valid,3719,41.116670,45.000000
505,12377,1949-01-01T00:00:00.000,Fell,Kunashak,Valid,200000,55.783330,61.366670
506,12379,1998-01-01T00:00:00.000,Fell,Kunya-Urgench,Valid,1100000,42.250000,59.200000
507,12381,1920-01-01T00:00:00.000,Fell,Kushiike,Valid,4460,37.050000,138.383330
508,12382,1860-01-01T00:00:00.000,Fell,Kusiali,Valid,5,29.683330,78.383330
509,12383,1977-01-01T00:00:00.000,Fell,Kutais,Valid,23,44.516670,39.300000
510,12384,1914-01-01T00:00:00.000,Fell,Kuttippuram,Valid,45000,10.833330,76.033330
511,12385,1932-01-01T00:00:00.000,Fell,Kuznetzovo,Valid,4047,55.200000,75.333330
512,12390,1886-01-01T00:00:00.000,Fell,Kyushu,Valid,45000,32.033330,130.633330
513,12392,1879-01-01T00:00:00.000,Fell,La Bécasse,Valid,2800,47.083330,1.750000
514,12394,1878-01-01T00:00:00.000,Fell,La Charca,Valid,399,20.666670,-101.283330
515,12395,1924-01-01T00:00:00.000,Fell,La Colina,Valid,2000,-37.333330,-61.533330
516,12396,1985-01-01T00:00:00.000,Fell,La Criolla,Valid,45000,-31.233330,-58.166670
517,12408,1871-01-01T00:00:00.000,Fell,Laborel,Valid,3833,44.283330,5.583330
518,12433,1955-01-01T00:00:00.000,Fell,Lahrauli,Valid,900,26.783330,82.716670
519,12434,1803-01-01T00:00:00.000,Fell,L'Aigle,Valid,37000,48.766670,0.633330
520,32531,2003-01-01T00:00:00.000,Found,Cumulus Hills 04075,Valid,9.6,,
521,12435,1910-01-01T00:00:00.000,Fell,Lakangaon,Valid,212.5,21.866670,76.033330
522,12451,1887-01-01T00:00:00.000,Fell,Lalitpur,Valid,372,24.450000,78.566670
523,12455,1872-01-01T00:00:00.000,Fell,Lancé,Valid,51700,47.700000,1.066670
524,12456,1897-01-01T00:00:00.000,Fell,Lancon,Valid,7000,43.750000,5.116670
525,12461,1947-01-01T00:00:00.000,Fell,Långhalsen,Valid,2300,58.850000,16.733330
526,12464,1986-01-01T00:00:00.000,Fell,Lanxi,Valid,1282,46.241670,126.196110
527,12465,1925-01-01T00:00:00.000,Fell,Lanzenkirchen,Valid,7000,47.750000,16.233330
528,12466,1987-01-01T00:00:00.000,Fell,Laochenzhen,Valid,14250,33.133330,115.166670
529,12740,1830-01-01T00:00:00.000,Fell,Launton,Valid,1060,51.900000,-1.116670
530,12743,1938-01-01T00:00:00.000,Fell,Lavrentievka,Valid,800,52.450000,51.566670
531,12748,1845-01-01T00:00:00.000,Fell,Le Pressoir,Valid,3000,47.166670,0.433330
532,12749,1845-01-01T00:00:00.000,Fell,Le Teilleul,Valid,780,48.533330,-0.866670
533,12755,1943-01-01T00:00:00.000,Fell,Leedey,Valid,51500,35.883330,-99.333330
534,12756,1912-01-01T00:00:00.000,Fell,Leeuwfontein,Valid,460,-25.666670,28.366670
535,12759,1999-01-01T00:00:00.000,Fell,Leighlinbridge,Valid,271.39999999999998,52.666670,-6.966670
536,12760,1907-01-01T00:00:00.000,Fell,Leighton,Valid,877,34.583330,-87.500000
537,12765,1900-01-01T00:00:00.000,Fell,Leonovka,Valid,700,52.266670,32.850000
538,12769,1857-01-01T00:00:00.000,Fell,Les Ormes,Valid,125,48.350000,3.250000
539,12772,1896-01-01T00:00:00.000,Fell,Lesves,Valid,2000,50.366670,4.733330
540,14646,1973-01-01T00:00:00.000,Fell,Lichtenberg,Valid,4000,-26.150000,26.183330
541,14650,1930-01-01T00:00:00.000,Fell,Lillaverke,Valid,6862,56.650000,15.866670
542,14652,1813-01-01T00:00:00.000,Fell,Limerick,Valid,50000,52.566670,-8.783330
543,14655,1854-01-01T00:00:00.000,Fell,Linum,Valid,1862,52.750000,12.900000
544,14659,1978-01-01T00:00:00.000,Fell,Lishui,Valid,498,31.633330,118.983330
545,14661,1808-01-01T00:00:00.000,Fell,Lissa,Valid,12800,50.200000,14.850000
546,14664,1839-01-01T00:00:00.000,Fell,Little Piney,Valid,491,37.916670,-92.083330
547,14670,1820-01-01T00:00:00.000,Fell,Lixna,Valid,5213,56.000000,26.433330
548,14675,1868-01-01T00:00:00.000,Fell,Lodran,Valid,1000,29.533330,71.800000
549,14678,1994-01-01T00:00:00.000,Fell,Lohawat,Valid,40000,26.965560,72.626670
550,52843,2010-01-01T00:00:00.000,Fell,Lorton,Valid,329.7,38.700660,-77.211630
551,14708,1894-01-01T00:00:00.000,Fell,Los Martinez,Valid,25,38.000000,-0.833330
552,14711,1970-01-01T00:00:00.000,Fell,Lost City,Valid,17000,36.008330,-95.150000
553,14716,1977-01-01T00:00:00.000,Fell,Louisville,Valid,1300,38.250000,-85.750000
554,14718,1935-01-01T00:00:00.000,Fell,?owicz,Valid,59000,52.000000,19.916670
555,14721,1926-01-01T00:00:00.000,Fell,Lua,Valid,9241,24.950000,75.150000
556,14724,1768-01-01T00:00:00.000,Fell,Lucé,Valid,3500,47.850000,0.483330
557,14753,1869-01-01T00:00:00.000,Fell,Lumpkin,Valid,340,32.033330,-84.766670
558,14754,1980-01-01T00:00:00.000,Fell,Lunan,Valid,2520,24.800000,103.300000
559,14755,1889-01-01T00:00:00.000,Fell,Lundsgård,Valid,11000,56.216670,13.033330
560,14756,1813-01-01T00:00:00.000,Fell,Luotolax,Valid,885,61.200000,27.700000
561,14757,1753-01-01T00:00:00.000,Fell,Luponnas,Valid,14000,46.216670,5.000000
562,14759,1951-01-01T00:00:00.000,Fell,Lusaka,Valid,,-7.216670,29.433330
563,14764,1937-01-01T00:00:00.000,Fell,Mabwe-Khoywa,Valid,540,19.000000,97.000000
564,15370,1836-01-01T00:00:00.000,Fell,Macau,Valid,1500,-5.200000,-36.666670
565,15371,1981-01-01T00:00:00.000,Fell,Machinga,Valid,93200,-15.212220,35.242220
566,15372,1936-01-01T00:00:00.000,Fell,Macibini,Valid,1995,-28.833330,31.950000
567,15379,1950-01-01T00:00:00.000,Fell,Madhipura,Valid,1000,25.916670,86.366670
568,15380,1935-01-01T00:00:00.000,Fell,Madiun,Valid,400,-7.750000,111.533330
569,15382,1896-01-01T00:00:00.000,Fell,Madrid,Valid,400,40.416670,-3.716670
570,15383,1941-01-01T00:00:00.000,Fell,Mafra,Valid,600,-26.166670,-49.933330
571,15386,1899-01-01T00:00:00.000,Fell,Magnesia,Valid,5000,37.866670,27.516670
572,15387,1990-01-01T00:00:00.000,Fell,Magombedze,Valid,666.6,-19.483330,31.650000
573,47361,2007-01-01T00:00:00.000,Fell,Mahadevpur,Valid,70500,27.666670,95.783330
574,30751,2004-01-01T00:00:00.000,Fell,Maigatari-Danduma,Valid,4629,12.833330,9.383330
575,15393,1933-01-01T00:00:00.000,Fell,Malaga,Valid,150,32.216670,-104.000000
576,15394,1970-01-01T00:00:00.000,Fell,Malakal,Valid,2000,9.500000,31.750000
577,15395,1930-01-01T00:00:00.000,Fell,Malampaka,Valid,470,-3.133330,33.516670
578,15397,1931-01-01T00:00:00.000,Fell,Malotas,Valid,,-28.933330,-63.233330
579,15400,1933-01-01T00:00:00.000,Fell,Malvern,Valid,807,-29.450000,26.766670
580,15401,1927-01-01T00:00:00.000,Fell,Mamra Springs,Valid,1000,45.216670,62.083330
581,15402,1863-01-01T00:00:00.000,Fell,Manbhoom,Valid,1700,23.050000,86.700000
582,15403,1843-01-01T00:00:00.000,Fell,Manegaon,Valid,50,20.966670,76.100000
583,15405,1934-01-01T00:00:00.000,Fell,Mangwendi,Valid,22300,-17.650000,31.600000
584,15409,1951-01-01T00:00:00.000,Fell,Manych,Valid,3555,45.816670,44.633330
585,15414,1948-01-01T00:00:00.000,Fell,Mardan,Valid,4500,34.233330,72.083330
586,15418,1925-01-01T00:00:00.000,Fell,Maria Linden,Valid,114,,
587,15419,1898-01-01T00:00:00.000,Fell,Mariaville,Valid,340,42.716670,-99.383330
588,48973,2009-01-01T00:00:00.000,Fell,Maribo,Valid,25.81,54.761830,11.467450
589,15421,1941-01-01T00:00:00.000,Fell,Maridi,Valid,3200,4.666670,29.250000
590,15422,1971-01-01T00:00:00.000,Fell,Marilia,Valid,2500,-22.250000,-49.933330
591,15424,1847-01-01T00:00:00.000,Fell,Marion (Iowa),Valid,28400,41.900000,-91.600000
592,15426,1902-01-01T00:00:00.000,Fell,Marjalahti,Valid,45000,61.500000,30.500000
593,15429,1848-01-01T00:00:00.000,Fell,Marmande,Valid,3000,44.500000,0.150000
594,15430,2002-01-01T00:00:00.000,Fell,Maromandia,Valid,6000,-14.200000,48.100000
595,15436,1983-01-01T00:00:00.000,Fell,Maryville,Valid,1443,35.800000,-84.100000
596,15438,1836-01-01T00:00:00.000,Fell,Mascombes,Valid,1000,45.366670,1.866670
597,53653,2010-01-01T00:00:00.000,Fell,Mason Gully,Valid,24.54,0.000000,0.000000
598,15443,1803-01-01T00:00:00.000,Fell,Mässing,Valid,1600,48.133330,12.616670
599,15446,1768-01-01T00:00:00.000,Fell,Mauerkirchen,Valid,19000,48.183330,13.133330
600,15447,1801-01-01T00:00:00.000,Fell,Mauritius,Valid,220,-20.000000,57.000000
601,15451,1974-01-01T00:00:00.000,Fell,Mayo Belwa,Valid,4850,8.966670,12.083330
602,15453,1885-01-01T00:00:00.000,Fell,Mazapil,Valid,4000,24.683330,-101.683330
603,15454,1942-01-01T00:00:00.000,Fell,Maziba,Valid,4975,-1.216670,30.000000
604,15455,1992-01-01T00:00:00.000,Fell,Mbale,Valid,150000,1.066670,34.166670
605,15467,1953-01-01T00:00:00.000,Fell,Medanitos,Valid,31,-27.250000,-67.500000
606,15469,1861-01-01T00:00:00.000,Fell,Meerut,Valid,22,29.016670,77.800000
607,15470,1915-01-01T00:00:00.000,Fell,Meester-Cornelis,Valid,24750,-6.233330,106.883330
608,15485,1862-01-01T00:00:00.000,Fell,Menow,Valid,10500,53.183330,13.150000
609,15486,1903-01-01T00:00:00.000,Fell,Menziswyl,Valid,28.9,46.818670,7.218170
610,15489,1878-01-01T00:00:00.000,Fell,Mern,Valid,4000,55.050000,12.066670
611,15491,1945-01-01T00:00:00.000,Fell,Meru,Valid,6000,0.000000,37.666670
612,15492,1920-01-01T00:00:00.000,Fell,Merua,Valid,71400,25.483330,81.983330
613,15495,1955-01-01T00:00:00.000,Fell,Messina,Valid,2405,38.183330,15.566670
614,16626,1897-01-01T00:00:00.000,Fell,Meuselbach,Valid,870,50.583330,11.100000
615,16627,1949-01-01T00:00:00.000,Fell,Mezel,Valid,1300,45.766670,3.250000
616,16628,1852-01-01T00:00:00.000,Fell,Mezö-Madaras,Valid,22700,46.500000,25.733330
617,16629,1827-01-01T00:00:00.000,Fell,Mhow,Valid,350,25.900000,83.616670
618,16631,1980-01-01T00:00:00.000,Fell,Mianchi,Valid,1100,34.800000,111.700000
619,16632,1881-01-01T00:00:00.000,Fell,Middlesbrough,Valid,1600,54.566670,-1.166670
620,52090,2010-01-01T00:00:00.000,Fell,Mifflin,Valid,3584,42.907500,-90.365560
621,16634,1889-01-01T00:00:00.000,Fell,Mighei,Valid,8000,48.066670,30.966670
622,16635,1992-01-01T00:00:00.000,Fell,Mihonoseki,Valid,6380,35.568330,133.220000
623,16636,1944-01-01T00:00:00.000,Fell,Mike,Valid,224.2,46.233330,17.533330
624,16640,1842-01-01T00:00:00.000,Fell,Milena,Valid,10000,46.183330,16.100000
625,16643,1960-01-01T00:00:00.000,Fell,Millbillillie,Valid,330000,-26.450000,120.366670
626,16645,1930-01-01T00:00:00.000,Fell,Miller (Arkansas),Valid,16700,35.400000,-92.050000
627,16692,1632-01-01T00:00:00.000,Fell,Minamino,Valid,1040,35.078330,136.933330
628,16696,1826-01-01T00:00:00.000,Fell,Mineo,Valid,42,37.283330,14.700000
629,16697,1952-01-01T00:00:00.000,Fell,Min-Fan-Zhun,Valid,5500,32.333330,120.666670
630,16700,1905-01-01T00:00:00.000,Fell,Minnichhof,Valid,550,47.700000,16.600000
631,16701,1910-01-01T00:00:00.000,Fell,Mirzapur,Valid,8510,25.683330,83.250000
632,16703,1890-01-01T00:00:00.000,Fell,Misshof,Valid,5800,56.666670,23.000000
633,16707,1898-01-01T00:00:00.000,Fell,Mjelleim,Valid,100.7,61.733330,5.933330
634,16709,1882-01-01T00:00:00.000,Fell,Mocs,Valid,300000,46.800000,24.033330
635,16711,1905-01-01T00:00:00.000,Fell,Modoc (1905),Valid,35000,38.500000,-101.100000
636,16713,1908-01-01T00:00:00.000,Fell,Mokoia,Valid,4500,-39.633330,174.400000
637,16715,1858-01-01T00:00:00.000,Fell,Molina,Valid,144000,38.116670,-1.166670
638,16717,1953-01-01T00:00:00.000,Fell,Molteno,Valid,150,-31.250000,26.466670
639,16719,1998-01-01T00:00:00.000,Fell,Monahans (1998),Valid,2587,31.608330,-102.858330
640,16720,1849-01-01T00:00:00.000,Fell,Monroe,Valid,8600,35.250000,-80.500000
641,16725,1950-01-01T00:00:00.000,Fell,Monte das Fortes,Valid,4885,38.016670,-8.250000
642,16726,1846-01-01T00:00:00.000,Fell,Monte Milone,Valid,3130,43.266670,13.350000
643,16727,1923-01-01T00:00:00.000,Fell,Montferré,Valid,149000,43.390560,1.962500
644,16729,1838-01-01T00:00:00.000,Fell,Montlivault,Valid,500,47.633330,1.583330
645,16733,1950-01-01T00:00:00.000,Fell,Monze,Valid,,-15.966670,27.350000
646,16736,1913-01-01T00:00:00.000,Fell,Moore County,Valid,1880,35.416670,-79.383330
647,16737,1810-01-01T00:00:00.000,Fell,Mooresfort,Valid,3520,52.450000,-8.333330
648,16738,1930-01-01T00:00:00.000,Fell,Moorleah,Valid,8887.5,-40.975000,145.600000
649,16740,1808-01-01T00:00:00.000,Fell,Moradabad,Valid,70,28.783330,78.833330
650,16742,2000-01-01T00:00:00.000,Fell,Morávka,Valid,633,49.600000,18.533330
651,16747,1875-01-01T00:00:00.000,Fell,Mornans,Valid,1300,44.600000,5.133330
652,36592,2006-01-01T00:00:00.000,Fell,Moss,Valid,3763,59.433330,10.700000
653,16759,1868-01-01T00:00:00.000,Fell,Moti-ka-nagla,Valid,1500,26.833330,77.333330
654,16762,1868-01-01T00:00:00.000,Fell,Motta di Conti,Valid,9150,45.200000,8.500000
655,16766,1902-01-01T00:00:00.000,Fell,Mount Browne,Valid,11300,-29.800000,141.700000
656,16804,1991-01-01T00:00:00.000,Fell,Mount Tazerzait,Valid,110000,18.700000,4.800000
657,16805,1637-01-01T00:00:00.000,Fell,Mount Vaisi,Valid,17000,44.083330,6.866670
658,16820,1944-01-01T00:00:00.000,Fell,Mtola,Valid,1100,-11.500000,33.500000
659,16841,1865-01-01T00:00:00.000,Fell,Muddoor,Valid,4400,12.633330,77.016670
660,16851,1795-01-01T00:00:00.000,Fell,Mulletiwu,Valid,25.5,9.333330,80.833330
661,16874,1924-01-01T00:00:00.000,Fell,Muraid,Valid,4703,24.500000,90.216670
662,16875,1969-01-01T00:00:00.000,Fell,Murchison,Valid,100000,-36.616670,145.200000
663,16882,1950-01-01T00:00:00.000,Fell,Murray,Valid,12600,36.600000,-88.100000
664,16885,1964-01-01T00:00:00.000,Fell,Muzaffarpur,Valid,1245,26.133330,85.533330
665,16887,1842-01-01T00:00:00.000,Fell,Myhee Caunta,Valid,,23.050000,72.633330
666,16889,1956-01-01T00:00:00.000,Fell,Nadiabondi,Valid,8165,12.000000,1.000000
667,16890,1922-01-01T00:00:00.000,Fell,Nagai,Valid,1810,38.121670,140.061670
668,16892,1875-01-01T00:00:00.000,Fell,Nagaria,Valid,20,26.983330,78.216670
669,16893,1895-01-01T00:00:00.000,Fell,Nagy-Borové,Valid,6100,49.166670,19.500000
670,16898,1911-01-01T00:00:00.000,Fell,Nakhla,Valid,10000,31.316670,30.350000
671,16899,1923-01-01T00:00:00.000,Fell,Nakhon Pathom,Valid,23200,13.733330,100.083330
672,16902,1886-01-01T00:00:00.000,Fell,Nammianthal,Valid,4500,12.283330,79.200000
673,16903,1917-01-01T00:00:00.000,Fell,Nan Yang Pao,Valid,52900,35.666670,103.500000
674,16904,1825-01-01T00:00:00.000,Fell,Nanjemoy,Valid,7500,38.416670,-77.166670
675,16907,1984-01-01T00:00:00.000,Fell,Nantong,Valid,529,32.116670,121.800000
676,16908,1928-01-01T00:00:00.000,Fell,Naoki,Valid,17000,19.250000,77.000000
677,16909,1974-01-01T00:00:00.000,Fell,Naragh,Valid,2700,33.750000,51.500000
678,16912,1928-01-01T00:00:00.000,Fell,Narellan,Valid,367.5,-34.050000,150.688890
679,16914,0921-01-01T00:00:00.000,Fell,Narni,Valid,,42.516670,12.516670
680,16922,1936-01-01T00:00:00.000,Fell,Nassirah,Valid,347,-21.733330,165.900000
681,16923,1973-01-01T00:00:00.000,Fell,Natal,Valid,1.4,,
682,16927,1890-01-01T00:00:00.000,Fell,Nawapali,Valid,105,21.250000,83.666670
683,16934,1995-01-01T00:00:00.000,Fell,Neagari,Valid,420,36.449170,136.465280
684,16935,1870-01-01T00:00:00.000,Fell,Nedagolla,Valid,4500,18.683330,83.483330
685,16941,1970-01-01T00:00:00.000,Fell,Nejo,Valid,2450,9.500000,35.333330
686,16945,1864-01-01T00:00:00.000,Fell,Nerft,Valid,10250,56.500000,21.500000
687,16950,2002-01-01T00:00:00.000,Fell,Neuschwanstein,Valid,6189,47.525000,10.808330
688,16953,1860-01-01T00:00:00.000,Fell,New Concord,Valid,230000,40.000000,-81.766670
689,16954,1994-01-01T00:00:00.000,Fell,New Halfa,Valid,12000,15.366670,35.683330
690,16960,2003-01-01T00:00:00.000,Fell,New Orleans,Valid,19256,29.947180,-90.109760
691,16966,1883-01-01T00:00:00.000,Fell,Ngawi,Valid,1393,-7.450000,111.416670
692,16968,1900-01-01T00:00:00.000,Fell,N'Goureyma,Valid,37500,13.850000,-4.383330
693,16970,1750-01-01T00:00:00.000,Fell,Nicorps,Valid,,49.033330,-1.433330
694,16974,1967-01-01T00:00:00.000,Fell,Niger (L6),Valid,3.3,,
695,16975,1967-01-01T00:00:00.000,Fell,Niger (LL6),Valid,3.3,,
696,16976,1935-01-01T00:00:00.000,Fell,Nikolaevka,Valid,3996,52.450000,78.633330
697,16977,1954-01-01T00:00:00.000,Fell,Nikolskoe,Valid,6000,56.116670,37.333330
698,16980,1975-01-01T00:00:00.000,Fell,Ningbo,Valid,14250,29.866670,121.483330
699,16981,1983-01-01T00:00:00.000,Fell,Ningqiang,Valid,4610,32.925000,105.906670
700,16982,1897-01-01T00:00:00.000,Fell,Nio,Valid,467,34.200000,131.566670
701,16983,1912-01-01T00:00:00.000,Fell,N'Kandhla,Valid,17200,-28.566670,30.700000
702,16984,1823-01-01T00:00:00.000,Fell,Nobleborough,Valid,2300,44.083330,-69.483330
703,16985,1991-01-01T00:00:00.000,Fell,Noblesville,Valid,483.7,40.085280,-86.055000
704,16988,0861-01-01T00:00:00.000,Fell,Nogata,Valid,472,33.725000,130.750000
705,16989,1879-01-01T00:00:00.000,Fell,Nogoya,Valid,4000,-32.366670,-59.833330
706,16994,1918-01-01T00:00:00.000,Fell,Norfork,Valid,1050,36.216670,-92.266670
707,17922,1948-01-01T00:00:00.000,Fell,Norton County,Valid,1100000,39.683330,-99.866670
708,17930,1971-01-01T00:00:00.000,Fell,Noventa Vicentina,Valid,177,45.291670,11.527220
709,17933,1886-01-01T00:00:00.000,Fell,Novo-Urei,Valid,1900,54.816670,46.000000
710,17934,1662-01-01T00:00:00.000,Fell,Novy-Ergi,Valid,,58.550000,31.333330
711,17935,1908-01-01T00:00:00.000,Fell,Novy-Projekt,Valid,1001,56.000000,22.000000
712,17936,1933-01-01T00:00:00.000,Fell,Noyan-Bogdo,Valid,250,42.916670,102.466670
713,17938,1978-01-01T00:00:00.000,Fell,Nuevo Mercurio,Valid,50000,24.300000,-102.133330
714,17959,1851-01-01T00:00:00.000,Fell,Nulles,Valid,5000,41.633330,0.750000
715,17960,1925-01-01T00:00:00.000,Fell,Numakai,Valid,363,43.333330,141.866670
716,17969,1939-01-01T00:00:00.000,Fell,Nyaung,Valid,737.6,21.208330,94.916670
717,17970,1914-01-01T00:00:00.000,Fell,Nyirábrany,Valid,1100,47.550000,22.025000
718,17979,1887-01-01T00:00:00.000,Fell,Ochansk,Valid,500000,57.783330,55.266670
719,17988,1927-01-01T00:00:00.000,Fell,Oesede,Valid,1400,52.283330,8.050000
720,17989,1855-01-01T00:00:00.000,Fell,Oesel,Valid,6000,58.500000,23.000000
721,17990,1900-01-01T00:00:00.000,Fell,Ofehértó,Valid,3750,47.883330,22.033330
722,17994,1741-01-01T00:00:00.000,Fell,Ogi,Valid,14360,33.283330,130.200000
723,17995,1857-01-01T00:00:00.000,Fell,Ohaba,Valid,16250,46.066670,23.583330
724,17996,1963-01-01T00:00:00.000,Fell,Ohuma,Valid,7700,6.750000,8.500000
725,17997,1926-01-01T00:00:00.000,Fell,Ojuelos Altos,Valid,5850,38.183330,-5.400000
726,17998,1958-01-01T00:00:00.000,Fell,Okabe,Valid,194,36.183330,139.216670
727,18000,1904-01-01T00:00:00.000,Fell,Okano,Valid,4742,35.083330,135.200000
728,18002,1834-01-01T00:00:00.000,Fell,Okniny,Valid,12000,50.833330,25.500000
729,18009,1930-01-01T00:00:00.000,Fell,Oldenburg (1930),Valid,16570,52.950000,8.166670
730,18012,1520-01-01T00:00:00.000,Fell,Oliva-Gandia,Valid,,39.000000,-0.033330
731,18013,1924-01-01T00:00:00.000,Fell,Olivenza,Valid,150000,38.716670,-7.066670
732,18015,1929-01-01T00:00:00.000,Fell,Olmedilla de Alarcón,Valid,40000,39.566670,-2.100000
733,18019,1981-01-01T00:00:00.000,Fell,Omolon,Valid,250000,64.020000,161.808330
734,18026,1864-01-01T00:00:00.000,Fell,Orgueil,Valid,14000,43.883330,1.383330
735,34489,2004-01-01T00:00:00.000,Fell,Orlando,Valid,180,28.547500,-81.362220
736,18030,1868-01-01T00:00:00.000,Fell,Ornans,Valid,6000,47.116670,6.150000
737,18033,1671-01-01T00:00:00.000,Fell,Ortenau,Valid,4500,48.500000,8.000000
738,18034,1872-01-01T00:00:00.000,Fell,Orvinio,Valid,3400,42.133330,12.933330
739,18042,1928-01-01T00:00:00.000,Fell,Oterøy,Valid,246,58.883330,9.400000
740,18045,1867-01-01T00:00:00.000,Fell,Otomi,Valid,6510,38.400000,140.350000
741,18046,1896-01-01T00:00:00.000,Fell,Ottawa,Valid,840,38.600000,-95.216670
742,56729,2003-01-01T00:00:00.000,Fell,Ouadangou,Valid,4440,12.900000,0.080000
743,18050,1986-01-01T00:00:00.000,Fell,Oued el Hadjar,Valid,1215.5,30.180000,-6.577170
744,31282,2003-01-01T00:00:00.000,Fell,Oum Dreyga,Valid,17000,24.300000,-13.100000
745,18052,1998-01-01T00:00:00.000,Fell,Ourique,Valid,20000,37.608330,-8.280000
746,18055,1900-01-01T00:00:00.000,Fell,Ovambo,Valid,121.5,-18.000000,16.000000
747,18058,1856-01-01T00:00:00.000,Fell,Oviedo,Valid,205,43.400000,-5.866670
748,18062,1775-01-01T00:00:00.000,Fell,Owrucz,Valid,,51.333330,28.833330
749,18068,1881-01-01T00:00:00.000,Fell,Pacula,Valid,3400,21.050000,-99.300000
750,18069,1929-01-01T00:00:00.000,Fell,Padvarninkai,Valid,3858,55.666670,25.000000
751,18072,1910-01-01T00:00:00.000,Fell,Paitan,Valid,515,17.743330,120.455830
752,18073,1910-01-01T00:00:00.000,Fell,Palahatchie,Valid,,32.316670,-89.716670
753,18074,1988-01-01T00:00:00.000,Fell,Palca de Aparzo,Valid,1430,-23.116670,-65.100000
754,18077,1914-01-01T00:00:00.000,Fell,Palinshih,Valid,18000,43.483330,118.616670
755,18079,1926-01-01T00:00:00.000,Fell,Palmyra,Valid,135,39.800000,-91.500000
756,18082,1949-01-01T00:00:00.000,Fell,Palolo Valley,Valid,682,21.300000,-157.783330
757,32591,2002-01-01T00:00:00.000,Found,Dominion Range 03239,Valid,69.5,,
758,18093,1859-01-01T00:00:00.000,Fell,Pampanga,Valid,10500,15.083330,120.700000
759,18098,1938-01-01T00:00:00.000,Fell,Pantar,Valid,2130,8.066670,124.283330
760,18101,1930-01-01T00:00:00.000,Fell,Paragould,Valid,408000,36.066670,-90.500000
761,18102,1967-01-01T00:00:00.000,Fell,Parambu,Valid,2000,-6.233330,-40.700000
762,18103,1956-01-01T00:00:00.000,Fell,Paranaiba,Valid,100000,-19.133330,-51.666670
763,18106,2003-01-01T00:00:00.000,Fell,Park Forest,Valid,18000,41.484720,-87.679170
764,18108,1857-01-01T00:00:00.000,Fell,Parnallee,Valid,77600,9.233330,78.350000
765,18109,1942-01-01T00:00:00.000,Fell,Parsa,Valid,800,26.200000,85.400000
766,18110,1933-01-01T00:00:00.000,Fell,Pasamonte,Valid,5100,36.216670,-103.400000
767,18112,1969-01-01T00:00:00.000,Fell,Patora,Valid,4375,20.936940,82.050000
768,18116,1950-01-01T00:00:00.000,Fell,Patrimonio,Valid,2121,-19.533330,-48.566670
769,18118,1922-01-01T00:00:00.000,Fell,Patti,Valid,12,38.133330,14.966670
770,18171,1935-01-01T00:00:00.000,Fell,Patwar,Valid,37350,23.150000,91.183330
771,18173,1966-01-01T00:00:00.000,Fell,Pavel,Valid,2968,43.466670,25.516670
772,18175,1938-01-01T00:00:00.000,Fell,Pavlodar (stone),Valid,142.5,52.300000,77.033330
773,18176,1826-01-01T00:00:00.000,Fell,Pavlograd,Valid,40000,48.533330,35.983330
774,18177,1882-01-01T00:00:00.000,Fell,Pavlovka,Valid,2000,52.033330,43.000000
775,18179,1989-01-01T00:00:00.000,Fell,Pê,Valid,,11.333670,-3.542170
776,18180,1963-01-01T00:00:00.000,Fell,Peace River,Valid,45760,56.133330,-117.933330
777,18181,1953-01-01T00:00:00.000,Fell,Peckelsheim,Valid,117.8,51.666670,9.250000
778,18782,1992-01-01T00:00:00.000,Fell,Peekskill,Valid,12570,41.283330,-73.916670
779,18786,1946-01-01T00:00:00.000,Fell,Peña Blanca Spring,Valid,70000,30.125000,-103.116670
780,18792,1899-01-01T00:00:00.000,Fell,Peramiho,Valid,165,-10.666670,35.500000
781,18793,1935-01-01T00:00:00.000,Fell,Perpeti,Valid,23474,23.325000,91.000000
782,18797,1830-01-01T00:00:00.000,Fell,Perth,Valid,2,56.400000,-3.433330
783,18798,1933-01-01T00:00:00.000,Fell,Pervomaisky,Valid,66000,56.633330,39.433330
784,18799,1933-01-01T00:00:00.000,Fell,Pesyanoe,Valid,3393,55.500000,66.083330
785,18800,1995-01-01T00:00:00.000,Fell,Pétèlkolé,Valid,189,14.052000,0.420000
786,18801,1855-01-01T00:00:00.000,Fell,Petersburg,Valid,1800,35.300000,-86.633330
787,18804,1779-01-01T00:00:00.000,Fell,Pettiswood,Valid,,53.533330,-7.333330
788,18808,1901-01-01T00:00:00.000,Fell,Phillips County (stone),Valid,57900,40.000000,-99.250000
789,18809,1887-01-01T00:00:00.000,Fell,Phu Hong,Valid,500,11.250000,108.583330
790,18811,1933-01-01T00:00:00.000,Fell,Phum Sambo,Valid,7800,12.000000,105.483330
791,18812,1941-01-01T00:00:00.000,Fell,Phuoc-Binh,Valid,11000,15.716670,108.100000
792,18813,1968-01-01T00:00:00.000,Fell,Piancaldoli,Valid,13.1,44.244170,11.502220
793,18816,1843-01-01T00:00:00.000,Fell,Picote,Valid,,41.366670,-6.233330
794,18822,1863-01-01T00:00:00.000,Fell,Pillistfer,Valid,23250,58.666670,25.733330
795,18831,1996-01-01T00:00:00.000,Fell,Piplia Kalan,Valid,42000,26.034720,73.941670
796,18832,1881-01-01T00:00:00.000,Fell,Piquetberg,Valid,37,-32.866670,18.716670
797,18834,1882-01-01T00:00:00.000,Fell,Pirgunje,Valid,842,25.800000,88.450000
798,18835,1884-01-01T00:00:00.000,Fell,Pirthalla,Valid,1161,29.583330,76.000000
799,18837,1921-01-01T00:00:00.000,Fell,Pitts,Valid,3760,31.950000,-83.516670
800,18846,1930-01-01T00:00:00.000,Fell,Plantersville,Valid,2085,30.700000,-96.116670
801,51706,2008-01-01T00:00:00.000,Fell,Ple?coi,Valid,6913,45.275000,26.709720
802,18849,1723-01-01T00:00:00.000,Fell,Ploschkovitz,Valid,39,50.533330,14.116670
803,18851,1868-01-01T00:00:00.000,Fell,Pnompehn,Valid,96,11.583330,104.916670
804,32592,2002-01-01T00:00:00.000,Found,Dominion Range 03240,Valid,290.89999999999998,,
805,18853,1819-01-01T00:00:00.000,Fell,Pohlitz,Valid,3000,50.933330,12.133330
806,18858,1866-01-01T00:00:00.000,Fell,Pokhra,Valid,350,26.716670,82.666670
807,18860,1942-01-01T00:00:00.000,Fell,Pollen,Valid,253.6,66.348330,14.015000
808,18865,1931-01-01T00:00:00.000,Fell,Pontlyfni,Valid,157,53.036390,-4.319440
809,18874,1998-01-01T00:00:00.000,Fell,Portales Valley,Valid,71400,34.175000,-103.295000
810,18876,1796-01-01T00:00:00.000,Fell,Portugal,Valid,4500,38.500000,-8.000000
811,18879,1933-01-01T00:00:00.000,Fell,Po-wang Chen,Valid,665,31.416670,118.500000
812,18883,1932-01-01T00:00:00.000,Fell,Prambachkirchen,Valid,2125,48.302500,13.940830
813,18887,1959-01-01T00:00:00.000,Fell,Pribram,Valid,5555,49.666670,14.033330
814,18888,1893-01-01T00:00:00.000,Fell,Pricetown,Valid,900,39.116670,-83.850000
815,45984,2007-01-01T00:00:00.000,Fell,Puerto Lápice,Valid,500,39.350000,-3.516670
816,18899,1863-01-01T00:00:00.000,Fell,Pulsora,Valid,560,23.366670,75.183330
817,18901,1868-01-01T00:00:00.000,Fell,Pultusk,Valid,250000,52.766670,21.266670
818,18902,1811-01-01T00:00:00.000,Fell,Punganaru,Valid,100,13.333330,78.950000
819,18905,1937-01-01T00:00:00.000,Fell,Putinga,Valid,300000,-29.033330,-53.050000
820,18907,1982-01-01T00:00:00.000,Fell,Qidong,Valid,1275,32.083330,121.500000
821,18908,1976-01-01T00:00:00.000,Fell,Qingzhen,Valid,2600,26.533330,106.466670
822,22357,1925-01-01T00:00:00.000,Fell,Queen's Mercy,Valid,7000,-30.116670,28.700000
823,22358,1857-01-01T00:00:00.000,Fell,Quenggouk,Valid,6045,17.766670,95.183330
824,22360,1898-01-01T00:00:00.000,Fell,Quesa,Valid,10750,39.000000,-0.666670
825,22361,1990-01-01T00:00:00.000,Fell,Quija,Valid,17450,44.616670,126.133330
826,22363,1851-01-01T00:00:00.000,Fell,Quincay,Valid,65,46.600000,0.250000
827,22368,1957-01-01T00:00:00.000,Fell,Raco,Valid,5000,-26.666670,-65.450000
828,22371,1986-01-01T00:00:00.000,Fell,Raghunathpura,Valid,10200,27.725280,76.465000
829,31302,1983-01-01T00:00:00.000,Fell,Rahimyar Khan,Valid,67225,28.225000,70.200000
830,22376,1878-01-01T00:00:00.000,Fell,Rakovka,Valid,9000,52.983330,37.033330
831,22384,1940-01-01T00:00:00.000,Fell,Ramnagar,Valid,3766,26.450000,82.900000
832,22385,1916-01-01T00:00:00.000,Fell,Rampurhat,Valid,100,24.166670,87.766670
833,22386,1958-01-01T00:00:00.000,Fell,Ramsdorf,Valid,4682,51.883330,6.933330
834,22387,1917-01-01T00:00:00.000,Fell,Ranchapur,Valid,290.39999999999998,23.983330,87.083330
835,22390,1899-01-01T00:00:00.000,Fell,Rancho de la Presa,Valid,300,19.866670,-100.816670
836,22392,1937-01-01T00:00:00.000,Fell,Rangala,Valid,3224.5,25.383330,72.016670
837,22394,1919-01-01T00:00:00.000,Fell,Raoyang,Valid,4910,38.200000,115.700000
838,22395,1961-01-01T00:00:00.000,Fell,Ras Tanura,Valid,6.1,26.666670,50.150000
839,22396,1740-01-01T00:00:00.000,Fell,Rasgrad,Valid,24700,43.500000,26.533330
840,22398,1880-01-01T00:00:00.000,Fell,Ratyn,Valid,910,52.200000,17.983330
841,53502,2007-01-01T00:00:00.000,Fell,Red Canyon Lake,Valid,18.41,38.137420,-119.758120
842,22584,1947-01-01T00:00:00.000,Fell,Reliegos,Valid,17300,42.475000,-5.333330
843,22585,1919-01-01T00:00:00.000,Fell,Rembang,Valid,10000,-6.733330,111.366670
844,22586,1824-01-01T00:00:00.000,Fell,Renazzo,Valid,1000,44.766670,11.283330
845,22587,1925-01-01T00:00:00.000,Fell,Renca,Valid,300,-32.750000,-65.283330
846,22589,1916-01-01T00:00:00.000,Fell,Renqiu,Valid,355,38.666670,116.133330
847,22590,1933-01-01T00:00:00.000,Fell,Repeev Khutor,Valid,7000,48.600000,45.666670
848,22592,1965-01-01T00:00:00.000,Fell,Revelstoke,Valid,1,51.333330,-118.950000
849,22593,1929-01-01T00:00:00.000,Fell,Rewari,Valid,3332,28.200000,76.666670
850,22597,1903-01-01T00:00:00.000,Fell,Rich Mountain,Valid,668,35.033330,-83.033330
851,24140,1948-01-01T00:00:00.000,Fell,Uzcudun,Valid,20000,-44.116670,-66.150000
852,22599,1918-01-01T00:00:00.000,Fell,Richardton,Valid,90000,46.883330,-102.316670
853,22602,1980-01-01T00:00:00.000,Fell,Richland Springs,Valid,1900,31.250000,-99.033330
854,22603,1828-01-01T00:00:00.000,Fell,Richmond,Valid,1800,37.466670,-77.500000
855,22611,1934-01-01T00:00:00.000,Fell,Rio Negro,Valid,1310,-26.100000,-49.800000
856,22614,1491-01-01T00:00:00.000,Fell,Rivolta de Bassi,Valid,103.3,45.483330,9.516670
857,22637,1876-01-01T00:00:00.000,Fell,Rochester,Valid,340,41.083330,-86.283330
858,22640,1895-01-01T00:00:00.000,Fell,Rockhampton,Valid,1641,-23.383330,150.516670
859,22641,1871-01-01T00:00:00.000,Fell,Roda,Valid,400,42.300000,0.550000
860,22642,1775-01-01T00:00:00.000,Fell,Rodach,Valid,2900,50.350000,10.800000
861,22766,1921-01-01T00:00:00.000,Fell,Rose City,Valid,10600,44.516670,-83.950000
862,22773,1876-01-01T00:00:00.000,Fell,Rowton,Valid,3500,52.766670,-2.516670
863,22780,1976-01-01T00:00:00.000,Fell,Ruhobobo,Valid,465.5,-1.450000,29.833330
864,22782,1934-01-01T00:00:00.000,Fell,Rumuruti,Valid,67,0.266670,36.533330
865,22783,1949-01-01T00:00:00.000,Fell,Rupota,Valid,6000,-10.266670,38.766670
866,22791,1914-01-01T00:00:00.000,Fell,Ryechki,Valid,13000,51.133330,34.500000
867,22792,1855-01-01T00:00:00.000,Fell,Sabetmahet,Valid,1250,27.433330,82.083330
868,22793,1999-01-01T00:00:00.000,Fell,Sabrum,Valid,478,23.083330,91.666670
869,22796,1636-01-01T00:00:00.000,Fell,Sagan,Valid,,51.533330,14.883330
870,23101,1914-01-01T00:00:00.000,Fell,Saint-Sauveur,Valid,14000,43.733330,1.383330
871,23102,1966-01-01T00:00:00.000,Fell,Saint-Séverin,Valid,271000,45.300000,0.233330
872,23103,1913-01-01T00:00:00.000,Fell,Sakauchi,Valid,4180,35.666670,136.300000
873,23107,1981-01-01T00:00:00.000,Fell,Salem,Valid,61.4,44.979170,-122.969440
874,23111,1798-01-01T00:00:00.000,Fell,Salles,Valid,9000,46.050000,4.633330
875,23114,1985-01-01T00:00:00.000,Fell,Salzwedel,Valid,43,52.750000,11.050000
876,23115,1921-01-01T00:00:00.000,Fell,Samelia,Valid,2462,25.666670,74.866670
877,23128,1973-01-01T00:00:00.000,Fell,San Juan Capistrano,Valid,56,33.484720,-117.662500
878,31315,2002-01-01T00:00:00.000,Fell,San Michele,Valid,237,43.666670,13.000000
879,23130,1956-01-01T00:00:00.000,Fell,San Pedro de Quiles,Valid,282,-31.016670,-71.400000
880,34063,1968-01-01T00:00:00.000,Fell,San Pedro Jacuaro,Valid,460,19.766670,-100.650000
881,23161,1873-01-01T00:00:00.000,Fell,Santa Barbara,Valid,400,-29.200000,-51.866670
882,23164,1939-01-01T00:00:00.000,Fell,Santa Cruz,Valid,60,24.166670,-99.333330
883,23165,1924-01-01T00:00:00.000,Fell,Santa Isabel,Valid,5500,-33.900000,-61.700000
884,50909,2008-01-01T00:00:00.000,Fell,Santa Lucia (2008),Valid,4000,-31.535556,-68.489444
885,23171,1962-01-01T00:00:00.000,Fell,São Jose do Rio Preto,Valid,927,-20.810000,-49.380560
886,23176,1918-01-01T00:00:00.000,Fell,Saratov,Valid,200000,52.550000,46.550000
887,23187,1688-01-01T00:00:00.000,Fell,Sasagase,Valid,695,34.716670,137.783330
888,23188,1868-01-01T00:00:00.000,Fell,Sauguis,Valid,4000,43.150000,-0.850000
889,23190,1894-01-01T00:00:00.000,Fell,Savtschenskoje,Valid,2500,47.216670,29.866670
890,23192,1986-01-01T00:00:00.000,Fell,Sayama,Valid,430,35.866670,139.400000
891,23455,1934-01-01T00:00:00.000,Fell,Sazovice,Valid,412,49.233330,17.566670
892,23457,1715-01-01T00:00:00.000,Fell,Schellin,Valid,7000,53.350000,15.050000
893,23458,1968-01-01T00:00:00.000,Fell,Schenectady,Valid,283.3,42.860830,-73.950280
894,23460,1846-01-01T00:00:00.000,Fell,Schönenberg,Valid,8000,48.116670,10.466670
895,23472,1871-01-01T00:00:00.000,Fell,Searsmont,Valid,5400,44.366670,-69.200000
896,23473,1917-01-01T00:00:00.000,Fell,Sediköy,Valid,240,38.300000,27.133330
897,23476,1853-01-01T00:00:00.000,Fell,Segowlie,Valid,6930,26.750000,84.783330
898,23481,1939-01-01T00:00:00.000,Fell,Selakopi,Valid,1590,-7.233330,107.333330
899,23483,1947-01-01T00:00:00.000,Fell,Seldebourak,Valid,150,22.833330,4.983330
900,23487,1940-01-01T00:00:00.000,Fell,Semarkona,Valid,691,22.250000,79.000000
901,23495,1773-01-01T00:00:00.000,Fell,Sena,Valid,4000,41.716670,-0.050000
902,23496,1993-01-01T00:00:00.000,Fell,Senboku,Valid,866,39.438330,140.511670
903,23500,1966-01-01T00:00:00.000,Fell,Seoni,Valid,20000,21.683890,79.500830
904,23501,1818-01-01T00:00:00.000,Fell,Seres,Valid,8500,41.050000,23.566670
905,23502,1923-01-01T00:00:00.000,Fell,Serra de Magé,Valid,1800,-8.383330,-36.766670
906,23504,1908-01-01T00:00:00.000,Fell,Sete Lagoas,Valid,350,-19.466670,-44.216670
907,23508,1862-01-01T00:00:00.000,Fell,Sevilla,Valid,180,37.416670,-6.000000
908,23509,1874-01-01T00:00:00.000,Fell,Sevrukovo,Valid,101000,50.616670,36.600000
909,23512,1989-01-01T00:00:00.000,Fell,Sfax,Valid,7000,34.750000,10.716670
910,23521,1850-01-01T00:00:00.000,Fell,Shalka,Valid,4000,23.100000,87.300000
911,23525,1921-01-01T00:00:00.000,Fell,Sharps,Valid,1265,37.833330,-76.700000
912,23529,1904-01-01T00:00:00.000,Fell,Shelburne,Valid,18600,44.050000,-80.166670
913,23530,1865-01-01T00:00:00.000,Fell,Shergotty,Valid,5000,24.550000,84.833330
914,23531,1976-01-01T00:00:00.000,Fell,Sheyang,Valid,605,33.650000,120.066670
915,23534,1921-01-01T00:00:00.000,Fell,Shikarpur,Valid,3679.7,25.850000,87.577500
916,23582,1971-01-01T00:00:00.000,Fell,Shuangyang,Valid,3900,43.500000,125.666670
917,23583,1912-01-01T00:00:00.000,Fell,Shupiyan,Valid,5000,33.716670,74.833330
918,23584,1863-01-01T00:00:00.000,Fell,Shytal,Valid,3200,24.333330,90.166670
919,23586,1794-01-01T00:00:00.000,Fell,Siena,Valid,3700,43.116670,11.600000
920,23593,1947-01-01T00:00:00.000,Fell,Sikhote-Alin,Valid,23000000,46.160000,134.653330
921,23594,1995-01-01T00:00:00.000,Fell,Silao,Valid,1710,20.933330,-101.383330
922,55584,1917-01-01T00:00:00.000,Fell,Silistra,Valid,0.15,44.116670,27.266670
923,23603,1920-01-01T00:00:00.000,Fell,Simmern,Valid,1222,49.983330,7.533330
924,23606,1916-01-01T00:00:00.000,Fell,Sinai,Valid,1455,30.900000,32.483330
925,23611,1901-01-01T00:00:00.000,Fell,Sindhri,Valid,8400,26.216670,69.550000
926,23613,1956-01-01T00:00:00.000,Fell,Sinnai,Valid,2000,39.300000,9.200000
927,23614,1933-01-01T00:00:00.000,Fell,Sioux County,Valid,4100,42.583330,-103.666670
928,23616,1875-01-01T00:00:00.000,Fell,Sitathali,Valid,1600,20.916670,82.583330
929,23617,1989-01-01T00:00:00.000,Fell,Sivas,Valid,40000,39.824670,36.135830
930,23619,1989-01-01T00:00:00.000,Fell,Sixiangkou,Valid,630,32.433330,119.866670
931,23621,1848-01-01T00:00:00.000,Fell,Ski,Valid,850,59.733330,10.866670
932,23626,1868-01-01T00:00:00.000,Fell,Slavetic,Valid,1708,45.683330,15.600000
933,23645,1818-01-01T00:00:00.000,Fell,Slobodka,Valid,2750,55.000000,35.000000
934,23660,1960-01-01T00:00:00.000,Fell,Soheria,Valid,72.900000000000006,27.133330,84.066670
935,23661,1877-01-01T00:00:00.000,Fell,Soko-Banja,Valid,80000,43.666670,21.866670
936,23663,1860-01-01T00:00:00.000,Fell,Sologne,Valid,54,47.366670,1.733330
937,53829,2011-01-01T00:00:00.000,Fell,So?tmany,Valid,1066,54.008830,22.005000
938,23667,1866-01-01T00:00:00.000,Fell,Sone,Valid,17100,35.166670,135.333330
939,23668,1993-01-01T00:00:00.000,Fell,Songyuan,Valid,36900,45.250000,125.000000
940,23670,1927-01-01T00:00:00.000,Fell,Sopot,Valid,958,44.416670,23.500000
941,23671,1945-01-01T00:00:00.000,Fell,Soroti,Valid,2050,1.700000,33.633330
942,23081,1883-01-01T00:00:00.000,Fell,St. Caprais-de-Quinsac,Valid,360,44.750000,0.050000
943,23082,1841-01-01T00:00:00.000,Fell,St. Christophe-la-Chartreuse,Valid,5500,46.950000,-1.500000
944,23083,1855-01-01T00:00:00.000,Fell,St. Denis Westrem,Valid,700,51.050000,3.750000
945,23087,1890-01-01T00:00:00.000,Fell,St. Germain-du-Pinel,Valid,4000,48.016670,-1.150000
946,23089,1950-01-01T00:00:00.000,Fell,St. Louis,Valid,1000,38.700000,-90.233330
947,23090,1903-01-01T00:00:00.000,Fell,St. Mark's,Valid,13780,-32.016670,27.416670
948,23091,1919-01-01T00:00:00.000,Fell,St. Mary's County,Valid,24.3,38.166670,-76.383330
949,23092,1866-01-01T00:00:00.000,Fell,St. Mesmin,Valid,8300,48.450000,3.933330
950,23093,1910-01-01T00:00:00.000,Fell,St. Michel,Valid,17000,61.650000,27.200000
951,23097,1959-01-01T00:00:00.000,Fell,St.-Chinian,Valid,134.30000000000001,43.433330,2.950000
952,23712,1876-01-01T00:00:00.000,Fell,Ställdalen,Valid,34000,59.933330,14.950000
953,23713,1808-01-01T00:00:00.000,Fell,Stannern,Valid,52000,49.283330,15.566670
954,23717,1857-01-01T00:00:00.000,Fell,Stavropol,Valid,1500,45.050000,41.983330
955,23099,1962-01-01T00:00:00.000,Fell,Ste. Marguerite,Valid,4960,50.766670,3.000000
956,23724,1990-01-01T00:00:00.000,Fell,Sterlitamak,Valid,325000,53.666670,55.983330
957,23726,1647-01-01T00:00:00.000,Fell,Stolzenau,Valid,,52.533330,9.050000
958,23728,1974-01-01T00:00:00.000,Fell,Stratford,Valid,50,41.200000,-73.133330
959,23729,1917-01-01T00:00:00.000,Fell,Strathmore,Valid,13400,56.583330,-3.250000
960,23732,1623-01-01T00:00:00.000,Fell,Stretchleigh,Valid,10400,50.383330,-3.950000
961,23733,1994-01-01T00:00:00.000,Fell,St-Robert,Valid,25400,45.968610,-72.978060
962,23736,1924-01-01T00:00:00.000,Fell,Success,Valid,3500,36.483330,-90.666670
963,23737,1969-01-01T00:00:00.000,Fell,Suchy Dul,Valid,815.3,50.538060,16.263330
964,23738,1986-01-01T00:00:00.000,Fell,Suizhou,Valid,260000,31.616670,113.466670
965,48951,2008-01-01T00:00:00.000,Fell,Sulagiri,Valid,110000,12.666670,78.033330
966,23741,1916-01-01T00:00:00.000,Fell,Sultanpur,Valid,1710.5,25.933330,84.283330
967,23745,1935-01-01T00:00:00.000,Fell,Sungach,Valid,637,44.866670,133.166670
968,23760,1865-01-01T00:00:00.000,Fell,Supuhee,Valid,7235,26.716670,84.216670
969,55529,2012-01-01T00:00:00.000,Fell,Sutter's Mill,Valid,992.5,38.803890,-120.908060
970,23773,1954-01-01T00:00:00.000,Fell,Sylacauga,Valid,5560,33.188360,-86.294500
971,23776,1753-01-01T00:00:00.000,Fell,Tabor,Valid,7540,49.400000,14.650000
972,23778,1867-01-01T00:00:00.000,Fell,Tadjera,Valid,9000,36.183330,5.416670
973,23782,2000-01-01T00:00:00.000,Fell,Tagish Lake,Valid,10000,59.704440,-134.201390
974,23784,1991-01-01T00:00:00.000,Fell,Tahara,Valid,1000,34.720000,137.305000
975,23789,1880-01-01T00:00:00.000,Fell,Takenouchi,Valid,720,35.383330,134.900000
976,23791,1995-01-01T00:00:00.000,Fell,Talampaya,Valid,1421,,
977,23795,1975-01-01T00:00:00.000,Fell,Tambakwatu,Valid,10500,-7.750000,112.766670
978,48691,2008-01-01T00:00:00.000,Fell,Tamdakht,Valid,100000,31.163330,-7.015000
979,23801,1918-01-01T00:00:00.000,Fell,Tané,Valid,905,35.433330,136.233330
980,23873,1965-01-01T00:00:00.000,Fell,Taonan,Valid,3850,45.400000,122.900000
981,23884,1931-01-01T00:00:00.000,Fell,Tatahouine,Valid,12000,32.950000,10.416670
982,23885,1967-01-01T00:00:00.000,Fell,Tathlith,Valid,2500,19.383330,43.733330
983,23887,1929-01-01T00:00:00.000,Fell,Tauk,Valid,6000,35.133330,44.450000
984,23888,1937-01-01T00:00:00.000,Fell,Tauti,Valid,21000,46.716670,23.500000
985,23897,1879-01-01T00:00:00.000,Fell,Tenham,Valid,160000,-25.733330,142.950000
986,23898,1872-01-01T00:00:00.000,Fell,Tennasilm,Valid,28500,58.033330,26.950000
987,23908,1950-01-01T00:00:00.000,Fell,Thal,Valid,342,33.400000,70.600000
988,54493,2011-01-01T00:00:00.000,Fell,Thika,Valid,14200,-1.002780,37.150280
989,23976,2002-01-01T00:00:00.000,Fell,Thuathe,Valid,45300,-29.333330,27.583330
990,23984,1986-01-01T00:00:00.000,Fell,Tianzhang,Valid,2232,32.946670,118.990000
991,23989,1878-01-01T00:00:00.000,Fell,Tieschitz,Valid,28000,49.600000,17.116670
992,23998,1927-01-01T00:00:00.000,Fell,Tilden,Valid,74800,38.200000,-89.683330
993,23999,1970-01-01T00:00:00.000,Fell,Tillaberi,Valid,3000,14.250000,1.533330
994,24004,1807-01-01T00:00:00.000,Fell,Timochin,Valid,65500,54.500000,35.200000
995,24009,1934-01-01T00:00:00.000,Fell,Tirupati,Valid,230,13.633330,79.416670
996,54823,2011-01-01T00:00:00.000,Fell,Tissint,Valid,7000,29.481950,-7.611230
997,24011,1869-01-01T00:00:00.000,Fell,Tjabe,Valid,20000,-7.083330,111.533330
998,24012,1922-01-01T00:00:00.000,Fell,Tjerebon,Valid,16500,-6.666670,106.583330
999,24019,1905-01-01T00:00:00.000,Fell,Tomakovka,Valid,600,47.850000,34.766670
