{"name":"baltimore_xmpa-487w","title":"Water","description":"Polygon feature representing photogrammetrically captured hydrographic information, including lakes, ponds, ...\n\nPolygon feature representing photogrammetrically captured hydrographic information, including lakes, ponds, harbors, waterways, reservoirs, and hidden hydrography used to provide continuous topology. Last Updated 2008\n\nSource: https://data.baltimorecity.gov/d/xmpa-487w  \nLast updated at  https://data.baltimorecity.gov/ : 2017-02-07","homepage":"https://data.world/baltimore/xmpa-487w","license":"CC-BY-3.0","resources":[{"name":"original/water_1.xml","path":"original/water_1.xml","format":"xml","mediatype":"application/xml","bytes":8017310},{"name":"original/water_2.csv","path":"original/water_2.csv","format":"csv","mediatype":"text/csv","bytes":7735780}],"keywords":["map","water","shape","geographic"]}